2025-05-20 16:14:39,434 INFO o.a.j.u.JMeterUtils: Setting Locale to en_EN
2025-05-20 16:14:39,448 INFO o.a.j.JMeter: Loading user properties from: C:\Users\Frostyvis\Desktop\LoadTesting\apache-jmeter-5.6.3\apache-jmeter-5.6.3\bin\user.properties
2025-05-20 16:14:39,449 INFO o.a.j.JMeter: Loading system properties from: C:\Users\Frostyvis\Desktop\LoadTesting\apache-jmeter-5.6.3\apache-jmeter-5.6.3\bin\system.properties
2025-05-20 16:14:39,454 INFO o.a.j.JMeter: Copyright (c) 1998-2024 The Apache Software Foundation
2025-05-20 16:14:39,454 INFO o.a.j.JMeter: Version 5.6.3
2025-05-20 16:14:39,454 INFO o.a.j.JMeter: java.version=21.0.6
2025-05-20 16:14:39,454 INFO o.a.j.JMeter: java.vm.name=OpenJDK 64-Bit Server VM
2025-05-20 16:14:39,454 INFO o.a.j.JMeter: os.name=Windows 10
2025-05-20 16:14:39,454 INFO o.a.j.JMeter: os.arch=amd64
2025-05-20 16:14:39,454 INFO o.a.j.JMeter: os.version=10.0
2025-05-20 16:14:39,454 INFO o.a.j.JMeter: file.encoding=UTF-8
2025-05-20 16:14:39,454 INFO o.a.j.JMeter: java.awt.headless=null
2025-05-20 16:14:39,455 INFO o.a.j.JMeter: Max memory     =1073741824
2025-05-20 16:14:39,455 INFO o.a.j.JMeter: Available Processors =12
2025-05-20 16:14:39,467 INFO o.a.j.JMeter: Default Locale=English (EN)
2025-05-20 16:14:39,467 INFO o.a.j.JMeter: JMeter  Locale=English (EN)
2025-05-20 16:14:39,467 INFO o.a.j.JMeter: JMeterHome=C:\Users\Frostyvis\Desktop\LoadTesting\apache-jmeter-5.6.3\apache-jmeter-5.6.3
2025-05-20 16:14:39,467 INFO o.a.j.JMeter: user.dir  =C:\Users\Frostyvis\Desktop\LoadTesting\BalanovMegafon\MegafonLT\new\includes\modems
2025-05-20 16:14:39,467 INFO o.a.j.JMeter: PWD       =C:\Users\Frostyvis\Desktop\LoadTesting\BalanovMegafon\MegafonLT\new\includes\modems
2025-05-20 16:14:44,023 INFO o.a.j.JMeter: IP: 26.216.249.141 Name: Frostyvis FullName: Frostyvis
2025-05-20 16:14:44,032 INFO o.a.j.JMeter: Loaded icon properties from org/apache/jmeter/images/icon.properties
2025-05-20 16:14:44,174 INFO o.a.j.JMeterGuiLauncher: Setting LAF to: com.github.weisj.darklaf.DarkLaf:com.github.weisj.darklaf.theme.OneDarkTheme
2025-05-20 16:14:44,941 INFO o.a.j.r.ClassFinder: Will scan jar C:\Users\Frostyvis\Desktop\LoadTesting\apache-jmeter-5.6.3\apache-jmeter-5.6.3\lib\ext\bcpkix-jdk18on-1.80.jar with filter ExtendsClassFilter [parents=[interface org.apache.jmeter.gui.action.Command], inner=false, contains=null, notContains=null]. Consider exposing JMeter plugins via META-INF/services, and add JMeter-Skip-Class-Scanning=true manifest attribute so JMeter can skip classfile scanning
2025-05-20 16:14:45,106 INFO o.a.j.r.ClassFinder: Will scan jar C:\Users\Frostyvis\Desktop\LoadTesting\apache-jmeter-5.6.3\apache-jmeter-5.6.3\lib\ext\bcprov-jdk18on-1.80.jar with filter ExtendsClassFilter [parents=[interface org.apache.jmeter.gui.action.Command], inner=false, contains=null, notContains=null]. Consider exposing JMeter plugins via META-INF/services, and add JMeter-Skip-Class-Scanning=true manifest attribute so JMeter can skip classfile scanning
2025-05-20 16:14:45,626 INFO o.a.j.r.ClassFinder: Will scan jar C:\Users\Frostyvis\Desktop\LoadTesting\apache-jmeter-5.6.3\apache-jmeter-5.6.3\lib\ext\jmeter-plugins-casutg-3.0.jar with filter ExtendsClassFilter [parents=[interface org.apache.jmeter.gui.action.Command], inner=false, contains=null, notContains=null]. Consider exposing JMeter plugins via META-INF/services, and add JMeter-Skip-Class-Scanning=true manifest attribute so JMeter can skip classfile scanning
2025-05-20 16:14:45,635 INFO o.a.j.r.ClassFinder: Will scan jar C:\Users\Frostyvis\Desktop\LoadTesting\apache-jmeter-5.6.3\apache-jmeter-5.6.3\lib\ext\jmeter-plugins-manager-1.10.jar with filter ExtendsClassFilter [parents=[interface org.apache.jmeter.gui.action.Command], inner=false, contains=null, notContains=null]. Consider exposing JMeter plugins via META-INF/services, and add JMeter-Skip-Class-Scanning=true manifest attribute so JMeter can skip classfile scanning
2025-05-20 16:14:45,755 INFO o.a.j.r.ClassFinder: Will scan jar C:\Users\Frostyvis\Desktop\LoadTesting\apache-jmeter-5.6.3\apache-jmeter-5.6.3\lib\ext\bcpkix-jdk18on-1.80.jar with filter ExtendsClassFilter [parents=[interface org.apache.jmeter.gui.plugin.MenuCreator], inner=false, contains=null, notContains=null]. Consider exposing JMeter plugins via META-INF/services, and add JMeter-Skip-Class-Scanning=true manifest attribute so JMeter can skip classfile scanning
2025-05-20 16:14:45,763 INFO o.a.j.r.ClassFinder: Will scan jar C:\Users\Frostyvis\Desktop\LoadTesting\apache-jmeter-5.6.3\apache-jmeter-5.6.3\lib\ext\bcprov-jdk18on-1.80.jar with filter ExtendsClassFilter [parents=[interface org.apache.jmeter.gui.plugin.MenuCreator], inner=false, contains=null, notContains=null]. Consider exposing JMeter plugins via META-INF/services, and add JMeter-Skip-Class-Scanning=true manifest attribute so JMeter can skip classfile scanning
2025-05-20 16:14:45,863 INFO o.a.j.r.ClassFinder: Will scan jar C:\Users\Frostyvis\Desktop\LoadTesting\apache-jmeter-5.6.3\apache-jmeter-5.6.3\lib\ext\jmeter-plugins-casutg-3.0.jar with filter ExtendsClassFilter [parents=[interface org.apache.jmeter.gui.plugin.MenuCreator], inner=false, contains=null, notContains=null]. Consider exposing JMeter plugins via META-INF/services, and add JMeter-Skip-Class-Scanning=true manifest attribute so JMeter can skip classfile scanning
2025-05-20 16:14:45,864 INFO o.a.j.r.ClassFinder: Will scan jar C:\Users\Frostyvis\Desktop\LoadTesting\apache-jmeter-5.6.3\apache-jmeter-5.6.3\lib\ext\jmeter-plugins-manager-1.10.jar with filter ExtendsClassFilter [parents=[interface org.apache.jmeter.gui.plugin.MenuCreator], inner=false, contains=null, notContains=null]. Consider exposing JMeter plugins via META-INF/services, and add JMeter-Skip-Class-Scanning=true manifest attribute so JMeter can skip classfile scanning
2025-05-20 16:14:45,927 INFO o.j.r.JARSourceHTTP: Found cached repo
2025-05-20 16:14:46,068 INFO o.j.r.PluginManager: Plugins Status: [jpgc-casutg=3.0, jpgc-plugins-manager=1.10, jmeter-core=5.6.3, jmeter-ftp=5.6.3, jmeter-http=5.6.3, jmeter-jdbc=5.6.3, jmeter-jms=5.6.3, jmeter-junit=5.6.3, jmeter-java=5.6.3, jmeter-ldap=5.6.3, jmeter-mail=5.6.3, jmeter-mongodb=5.6.3, jmeter-native=5.6.3, jmeter-tcp=5.6.3, jmeter-components=5.6.3]
2025-05-20 16:14:46,068 INFO o.j.r.PluginManagerMenuItem: Plugins Manager has upgrades: [jpgc-casutg]
2025-05-20 16:14:47,169 INFO o.a.j.JMeterGuiLauncher: Loading file: modems.jmx
2025-05-20 16:14:47,171 INFO o.a.j.s.FileServer: Default base='C:\Users\Frostyvis\Desktop\LoadTesting\BalanovMegafon\MegafonLT\new\includes\modems'
2025-05-20 16:14:47,171 INFO o.a.j.s.FileServer: Set new base='C:\Users\Frostyvis\Desktop\LoadTesting\BalanovMegafon\MegafonLT\new\includes\modems'
2025-05-20 16:14:47,342 INFO o.a.j.s.SaveService: Testplan (JMX) version: 2.2. Testlog (JTL) version: 2.2
2025-05-20 16:14:47,348 INFO o.a.j.s.SaveService: Using SaveService properties version 5.0
2025-05-20 16:14:47,352 INFO o.a.j.s.SaveService: Using SaveService properties file encoding UTF-8
2025-05-20 16:14:47,355 INFO o.a.j.s.SaveService: Loading file: modems.jmx
2025-05-20 16:14:47,465 INFO o.a.j.p.h.c.CookieManager: Settings: Delete null: true Check: true Allow variable: true Save: false Prefix: COOKIE_
2025-05-20 16:14:47,475 INFO o.a.j.p.h.s.HTTPSamplerBase: Parser for text/html is org.apache.jmeter.protocol.http.parser.LagartoBasedHtmlParser
2025-05-20 16:14:47,475 INFO o.a.j.p.h.s.HTTPSamplerBase: Parser for application/xhtml+xml is org.apache.jmeter.protocol.http.parser.LagartoBasedHtmlParser
2025-05-20 16:14:47,475 INFO o.a.j.p.h.s.HTTPSamplerBase: Parser for application/xml is org.apache.jmeter.protocol.http.parser.LagartoBasedHtmlParser
2025-05-20 16:14:47,475 INFO o.a.j.p.h.s.HTTPSamplerBase: Parser for text/xml is org.apache.jmeter.protocol.http.parser.LagartoBasedHtmlParser
2025-05-20 16:14:47,475 INFO o.a.j.p.h.s.HTTPSamplerBase: Parser for text/vnd.wap.wml is org.apache.jmeter.protocol.http.parser.RegexpHTMLParser
2025-05-20 16:14:47,475 INFO o.a.j.p.h.s.HTTPSamplerBase: Parser for text/css is org.apache.jmeter.protocol.http.parser.CssParser
2025-05-20 16:14:47,496 INFO o.a.j.s.SampleResult: Note: Sample TimeStamps are START times
2025-05-20 16:14:47,496 INFO o.a.j.s.SampleResult: sampleresult.default.encoding is set to UTF-8
2025-05-20 16:14:47,496 INFO o.a.j.s.SampleResult: sampleresult.useNanoTime=true
2025-05-20 16:14:47,496 INFO o.a.j.s.SampleResult: sampleresult.nanoThreadSleep=5000
2025-05-20 16:14:47,683 INFO o.a.j.e.KeyToolUtils: keytool found at 'keytool'
2025-05-20 16:14:47,683 INFO o.a.j.p.h.p.ProxyControl: HTTP(S) Test Script Recorder SSL Proxy will use keys that support embedded 3rd party resources in file C:\Users\Frostyvis\Desktop\LoadTesting\apache-jmeter-5.6.3\apache-jmeter-5.6.3\bin\proxyserver.jks
2025-05-20 16:14:47,744 INFO o.a.j.s.FileServer: Set new base='C:\Users\Frostyvis\Desktop\LoadTesting\BalanovMegafon\MegafonLT\new\includes\modems'
2025-05-20 16:14:48,201 INFO o.a.j.r.ClassFinder: Will scan jar C:\Users\Frostyvis\Desktop\LoadTesting\apache-jmeter-5.6.3\apache-jmeter-5.6.3\lib\ext\bcpkix-jdk18on-1.80.jar with filter ExtendsClassFilter [parents=[interface org.apache.jmeter.visualizers.ResultRenderer], inner=false, contains=null, notContains=null]. Consider exposing JMeter plugins via META-INF/services, and add JMeter-Skip-Class-Scanning=true manifest attribute so JMeter can skip classfile scanning
2025-05-20 16:14:48,208 INFO o.a.j.r.ClassFinder: Will scan jar C:\Users\Frostyvis\Desktop\LoadTesting\apache-jmeter-5.6.3\apache-jmeter-5.6.3\lib\ext\bcprov-jdk18on-1.80.jar with filter ExtendsClassFilter [parents=[interface org.apache.jmeter.visualizers.ResultRenderer], inner=false, contains=null, notContains=null]. Consider exposing JMeter plugins via META-INF/services, and add JMeter-Skip-Class-Scanning=true manifest attribute so JMeter can skip classfile scanning
2025-05-20 16:14:48,320 INFO o.a.j.r.ClassFinder: Will scan jar C:\Users\Frostyvis\Desktop\LoadTesting\apache-jmeter-5.6.3\apache-jmeter-5.6.3\lib\ext\jmeter-plugins-casutg-3.0.jar with filter ExtendsClassFilter [parents=[interface org.apache.jmeter.visualizers.ResultRenderer], inner=false, contains=null, notContains=null]. Consider exposing JMeter plugins via META-INF/services, and add JMeter-Skip-Class-Scanning=true manifest attribute so JMeter can skip classfile scanning
2025-05-20 16:14:48,322 INFO o.a.j.r.ClassFinder: Will scan jar C:\Users\Frostyvis\Desktop\LoadTesting\apache-jmeter-5.6.3\apache-jmeter-5.6.3\lib\ext\jmeter-plugins-manager-1.10.jar with filter ExtendsClassFilter [parents=[interface org.apache.jmeter.visualizers.ResultRenderer], inner=false, contains=null, notContains=null]. Consider exposing JMeter plugins via META-INF/services, and add JMeter-Skip-Class-Scanning=true manifest attribute so JMeter can skip classfile scanning
2025-05-20 16:14:48,339 INFO o.a.j.r.ClassFinder: Will scan jar C:\Users\Frostyvis\Desktop\LoadTesting\apache-jmeter-5.6.3\apache-jmeter-5.6.3\lib\ext\bcpkix-jdk18on-1.80.jar with filter ExtendsClassFilter [parents=[interface org.apache.jmeter.visualizers.RequestView], inner=false, contains=null, notContains=null]. Consider exposing JMeter plugins via META-INF/services, and add JMeter-Skip-Class-Scanning=true manifest attribute so JMeter can skip classfile scanning
2025-05-20 16:14:48,344 INFO o.a.j.r.ClassFinder: Will scan jar C:\Users\Frostyvis\Desktop\LoadTesting\apache-jmeter-5.6.3\apache-jmeter-5.6.3\lib\ext\bcprov-jdk18on-1.80.jar with filter ExtendsClassFilter [parents=[interface org.apache.jmeter.visualizers.RequestView], inner=false, contains=null, notContains=null]. Consider exposing JMeter plugins via META-INF/services, and add JMeter-Skip-Class-Scanning=true manifest attribute so JMeter can skip classfile scanning
2025-05-20 16:14:48,456 INFO o.a.j.r.ClassFinder: Will scan jar C:\Users\Frostyvis\Desktop\LoadTesting\apache-jmeter-5.6.3\apache-jmeter-5.6.3\lib\ext\jmeter-plugins-casutg-3.0.jar with filter ExtendsClassFilter [parents=[interface org.apache.jmeter.visualizers.RequestView], inner=false, contains=null, notContains=null]. Consider exposing JMeter plugins via META-INF/services, and add JMeter-Skip-Class-Scanning=true manifest attribute so JMeter can skip classfile scanning
2025-05-20 16:14:48,457 INFO o.a.j.r.ClassFinder: Will scan jar C:\Users\Frostyvis\Desktop\LoadTesting\apache-jmeter-5.6.3\apache-jmeter-5.6.3\lib\ext\jmeter-plugins-manager-1.10.jar with filter ExtendsClassFilter [parents=[interface org.apache.jmeter.visualizers.RequestView], inner=false, contains=null, notContains=null]. Consider exposing JMeter plugins via META-INF/services, and add JMeter-Skip-Class-Scanning=true manifest attribute so JMeter can skip classfile scanning
2025-05-20 16:14:48,550 INFO o.a.j.r.ClassFinder: Will scan jar C:\Users\Frostyvis\Desktop\LoadTesting\apache-jmeter-5.6.3\apache-jmeter-5.6.3\lib\ext\bcpkix-jdk18on-1.80.jar with filter ExtendsClassFilter [parents=[interface org.apache.jmeter.visualizers.backend.BackendListenerClient], inner=false, contains=null, notContains=null]. Consider exposing JMeter plugins via META-INF/services, and add JMeter-Skip-Class-Scanning=true manifest attribute so JMeter can skip classfile scanning
2025-05-20 16:14:48,556 INFO o.a.j.r.ClassFinder: Will scan jar C:\Users\Frostyvis\Desktop\LoadTesting\apache-jmeter-5.6.3\apache-jmeter-5.6.3\lib\ext\bcprov-jdk18on-1.80.jar with filter ExtendsClassFilter [parents=[interface org.apache.jmeter.visualizers.backend.BackendListenerClient], inner=false, contains=null, notContains=null]. Consider exposing JMeter plugins via META-INF/services, and add JMeter-Skip-Class-Scanning=true manifest attribute so JMeter can skip classfile scanning
2025-05-20 16:14:48,671 INFO o.a.j.r.ClassFinder: Will scan jar C:\Users\Frostyvis\Desktop\LoadTesting\apache-jmeter-5.6.3\apache-jmeter-5.6.3\lib\ext\jmeter-plugins-casutg-3.0.jar with filter ExtendsClassFilter [parents=[interface org.apache.jmeter.visualizers.backend.BackendListenerClient], inner=false, contains=null, notContains=null]. Consider exposing JMeter plugins via META-INF/services, and add JMeter-Skip-Class-Scanning=true manifest attribute so JMeter can skip classfile scanning
2025-05-20 16:14:48,672 INFO o.a.j.r.ClassFinder: Will scan jar C:\Users\Frostyvis\Desktop\LoadTesting\apache-jmeter-5.6.3\apache-jmeter-5.6.3\lib\ext\jmeter-plugins-manager-1.10.jar with filter ExtendsClassFilter [parents=[interface org.apache.jmeter.visualizers.backend.BackendListenerClient], inner=false, contains=null, notContains=null]. Consider exposing JMeter plugins via META-INF/services, and add JMeter-Skip-Class-Scanning=true manifest attribute so JMeter can skip classfile scanning
2025-05-20 16:14:48,743 INFO o.a.j.r.ClassFinder: Will scan jar C:\Users\Frostyvis\Desktop\LoadTesting\apache-jmeter-5.6.3\apache-jmeter-5.6.3\lib\ext\bcpkix-jdk18on-1.80.jar with filter ExtendsClassFilter [parents=[interface org.apache.jmeter.visualizers.ResultRenderer], inner=false, contains=null, notContains=null]. Consider exposing JMeter plugins via META-INF/services, and add JMeter-Skip-Class-Scanning=true manifest attribute so JMeter can skip classfile scanning
2025-05-20 16:14:48,749 INFO o.a.j.r.ClassFinder: Will scan jar C:\Users\Frostyvis\Desktop\LoadTesting\apache-jmeter-5.6.3\apache-jmeter-5.6.3\lib\ext\bcprov-jdk18on-1.80.jar with filter ExtendsClassFilter [parents=[interface org.apache.jmeter.visualizers.ResultRenderer], inner=false, contains=null, notContains=null]. Consider exposing JMeter plugins via META-INF/services, and add JMeter-Skip-Class-Scanning=true manifest attribute so JMeter can skip classfile scanning
2025-05-20 16:14:48,860 INFO o.a.j.r.ClassFinder: Will scan jar C:\Users\Frostyvis\Desktop\LoadTesting\apache-jmeter-5.6.3\apache-jmeter-5.6.3\lib\ext\jmeter-plugins-casutg-3.0.jar with filter ExtendsClassFilter [parents=[interface org.apache.jmeter.visualizers.ResultRenderer], inner=false, contains=null, notContains=null]. Consider exposing JMeter plugins via META-INF/services, and add JMeter-Skip-Class-Scanning=true manifest attribute so JMeter can skip classfile scanning
2025-05-20 16:14:48,862 INFO o.a.j.r.ClassFinder: Will scan jar C:\Users\Frostyvis\Desktop\LoadTesting\apache-jmeter-5.6.3\apache-jmeter-5.6.3\lib\ext\jmeter-plugins-manager-1.10.jar with filter ExtendsClassFilter [parents=[interface org.apache.jmeter.visualizers.ResultRenderer], inner=false, contains=null, notContains=null]. Consider exposing JMeter plugins via META-INF/services, and add JMeter-Skip-Class-Scanning=true manifest attribute so JMeter can skip classfile scanning
2025-05-20 16:14:48,874 INFO o.a.j.r.ClassFinder: Will scan jar C:\Users\Frostyvis\Desktop\LoadTesting\apache-jmeter-5.6.3\apache-jmeter-5.6.3\lib\ext\bcpkix-jdk18on-1.80.jar with filter ExtendsClassFilter [parents=[interface org.apache.jmeter.visualizers.RequestView], inner=false, contains=null, notContains=null]. Consider exposing JMeter plugins via META-INF/services, and add JMeter-Skip-Class-Scanning=true manifest attribute so JMeter can skip classfile scanning
2025-05-20 16:14:48,882 INFO o.a.j.r.ClassFinder: Will scan jar C:\Users\Frostyvis\Desktop\LoadTesting\apache-jmeter-5.6.3\apache-jmeter-5.6.3\lib\ext\bcprov-jdk18on-1.80.jar with filter ExtendsClassFilter [parents=[interface org.apache.jmeter.visualizers.RequestView], inner=false, contains=null, notContains=null]. Consider exposing JMeter plugins via META-INF/services, and add JMeter-Skip-Class-Scanning=true manifest attribute so JMeter can skip classfile scanning
2025-05-20 16:14:48,995 INFO o.a.j.r.ClassFinder: Will scan jar C:\Users\Frostyvis\Desktop\LoadTesting\apache-jmeter-5.6.3\apache-jmeter-5.6.3\lib\ext\jmeter-plugins-casutg-3.0.jar with filter ExtendsClassFilter [parents=[interface org.apache.jmeter.visualizers.RequestView], inner=false, contains=null, notContains=null]. Consider exposing JMeter plugins via META-INF/services, and add JMeter-Skip-Class-Scanning=true manifest attribute so JMeter can skip classfile scanning
2025-05-20 16:14:48,997 INFO o.a.j.r.ClassFinder: Will scan jar C:\Users\Frostyvis\Desktop\LoadTesting\apache-jmeter-5.6.3\apache-jmeter-5.6.3\lib\ext\jmeter-plugins-manager-1.10.jar with filter ExtendsClassFilter [parents=[interface org.apache.jmeter.visualizers.RequestView], inner=false, contains=null, notContains=null]. Consider exposing JMeter plugins via META-INF/services, and add JMeter-Skip-Class-Scanning=true manifest attribute so JMeter can skip classfile scanning
2025-05-20 16:17:48,204 INFO o.a.j.e.u.CompoundVariable: Note: Function class names must contain the string: '.functions.'
2025-05-20 16:17:48,204 INFO o.a.j.e.u.CompoundVariable: Note: Function class names must not contain the string: '.gui.'
2025-05-20 16:17:48,225 INFO o.a.j.r.ClassFinder: Will scan jar C:\Users\Frostyvis\Desktop\LoadTesting\apache-jmeter-5.6.3\apache-jmeter-5.6.3\lib\ext\bcpkix-jdk18on-1.80.jar with filter ExtendsClassFilter [parents=[interface org.apache.jmeter.functions.Function], inner=false, contains=null, notContains=null]. Consider exposing JMeter plugins via META-INF/services, and add JMeter-Skip-Class-Scanning=true manifest attribute so JMeter can skip classfile scanning
2025-05-20 16:17:48,230 INFO o.a.j.r.ClassFinder: Will scan jar C:\Users\Frostyvis\Desktop\LoadTesting\apache-jmeter-5.6.3\apache-jmeter-5.6.3\lib\ext\bcprov-jdk18on-1.80.jar with filter ExtendsClassFilter [parents=[interface org.apache.jmeter.functions.Function], inner=false, contains=null, notContains=null]. Consider exposing JMeter plugins via META-INF/services, and add JMeter-Skip-Class-Scanning=true manifest attribute so JMeter can skip classfile scanning
2025-05-20 16:17:48,324 INFO o.a.j.r.ClassFinder: Will scan jar C:\Users\Frostyvis\Desktop\LoadTesting\apache-jmeter-5.6.3\apache-jmeter-5.6.3\lib\ext\jmeter-plugins-casutg-3.0.jar with filter ExtendsClassFilter [parents=[interface org.apache.jmeter.functions.Function], inner=false, contains=null, notContains=null]. Consider exposing JMeter plugins via META-INF/services, and add JMeter-Skip-Class-Scanning=true manifest attribute so JMeter can skip classfile scanning
2025-05-20 16:17:48,326 INFO o.a.j.r.ClassFinder: Will scan jar C:\Users\Frostyvis\Desktop\LoadTesting\apache-jmeter-5.6.3\apache-jmeter-5.6.3\lib\ext\jmeter-plugins-manager-1.10.jar with filter ExtendsClassFilter [parents=[interface org.apache.jmeter.functions.Function], inner=false, contains=null, notContains=null]. Consider exposing JMeter plugins via META-INF/services, and add JMeter-Skip-Class-Scanning=true manifest attribute so JMeter can skip classfile scanning
2025-05-20 16:17:52,057 WARN o.a.j.p.h.p.ProxyControl: Existing ROOT Certificate has expired, a new one will be created, ensure you install it in browser, message: NotAfter: Sun May 18 15:34:47 GMT+04:00 2025
java.security.cert.CertificateExpiredException: NotAfter: Sun May 18 15:34:47 GMT+04:00 2025
	at java.base/sun.security.x509.CertificateValidity.valid(CertificateValidity.java:182) ~[?:?]
	at java.base/sun.security.x509.X509CertImpl.checkValidity(X509CertImpl.java:534) ~[?:?]
	at org.apache.jmeter.protocol.http.proxy.ProxyControl.initDynamicKeyStore(ProxyControl.java:1583) ~[ApacheJMeter_http.jar:5.6.3]
	at org.apache.jmeter.protocol.http.proxy.ProxyControl.initKeyStore(ProxyControl.java:1529) ~[ApacheJMeter_http.jar:5.6.3]
	at org.apache.jmeter.protocol.http.proxy.ProxyControl.startProxy(ProxyControl.java:536) ~[ApacheJMeter_http.jar:5.6.3]
	at org.apache.jmeter.protocol.http.proxy.gui.ProxyControlGui.startProxy(ProxyControlGui.java:630) ~[ApacheJMeter_http.jar:5.6.3]
	at org.apache.jmeter.protocol.http.proxy.gui.ProxyControlGui.actionPerformed(ProxyControlGui.java:468) ~[ApacheJMeter_http.jar:5.6.3]
	at java.desktop/javax.swing.AbstractButton.fireActionPerformed(AbstractButton.java:1972) ~[?:?]
	at java.desktop/javax.swing.AbstractButton$Handler.actionPerformed(AbstractButton.java:2314) ~[?:?]
	at java.desktop/javax.swing.DefaultButtonModel.fireActionPerformed(DefaultButtonModel.java:407) ~[?:?]
	at java.desktop/javax.swing.DefaultButtonModel.setPressed(DefaultButtonModel.java:262) ~[?:?]
	at java.desktop/javax.swing.plaf.basic.BasicButtonListener.mouseReleased(BasicButtonListener.java:279) ~[?:?]
	at com.github.weisj.darklaf.ui.button.DarkButtonListener.mouseReleased(DarkButtonListener.java:72) ~[darklaf-core-2.7.3.jar:2.7.3]
	at java.desktop/java.awt.Component.processMouseEvent(Component.java:6621) ~[?:?]
	at java.desktop/javax.swing.JComponent.processMouseEvent(JComponent.java:3398) ~[?:?]
	at java.desktop/java.awt.Component.processEvent(Component.java:6386) ~[?:?]
	at java.desktop/java.awt.Container.processEvent(Container.java:2266) ~[?:?]
	at java.desktop/java.awt.Component.dispatchEventImpl(Component.java:4996) ~[?:?]
	at java.desktop/java.awt.Container.dispatchEventImpl(Container.java:2324) ~[?:?]
	at java.desktop/java.awt.Component.dispatchEvent(Component.java:4828) ~[?:?]
	at java.desktop/java.awt.LightweightDispatcher.retargetMouseEvent(Container.java:4948) ~[?:?]
	at java.desktop/java.awt.LightweightDispatcher.processMouseEvent(Container.java:4575) ~[?:?]
	at java.desktop/java.awt.LightweightDispatcher.dispatchEvent(Container.java:4516) ~[?:?]
	at java.desktop/java.awt.Container.dispatchEventImpl(Container.java:2310) ~[?:?]
	at java.desktop/java.awt.Window.dispatchEventImpl(Window.java:2780) ~[?:?]
	at java.desktop/java.awt.Component.dispatchEvent(Component.java:4828) ~[?:?]
	at java.desktop/java.awt.EventQueue.dispatchEventImpl(EventQueue.java:775) ~[?:?]
	at java.desktop/java.awt.EventQueue$4.run(EventQueue.java:720) ~[?:?]
	at java.desktop/java.awt.EventQueue$4.run(EventQueue.java:714) ~[?:?]
	at java.base/java.security.AccessController.doPrivileged(AccessController.java:400) [?:?]
	at java.base/java.security.ProtectionDomain$JavaSecurityAccessImpl.doIntersectionPrivilege(ProtectionDomain.java:87) ~[?:?]
	at java.base/java.security.ProtectionDomain$JavaSecurityAccessImpl.doIntersectionPrivilege(ProtectionDomain.java:98) ~[?:?]
	at java.desktop/java.awt.EventQueue$5.run(EventQueue.java:747) ~[?:?]
	at java.desktop/java.awt.EventQueue$5.run(EventQueue.java:745) ~[?:?]
	at java.base/java.security.AccessController.doPrivileged(AccessController.java:400) [?:?]
	at java.base/java.security.ProtectionDomain$JavaSecurityAccessImpl.doIntersectionPrivilege(ProtectionDomain.java:87) [?:?]
	at java.desktop/java.awt.EventQueue.dispatchEvent(EventQueue.java:744) [?:?]
	at java.desktop/java.awt.EventDispatchThread.pumpOneEventForFilters(EventDispatchThread.java:203) [?:?]
	at java.desktop/java.awt.EventDispatchThread.pumpEventsForFilter(EventDispatchThread.java:124) [?:?]
	at java.desktop/java.awt.EventDispatchThread.pumpEventsForHierarchy(EventDispatchThread.java:113) [?:?]
	at java.desktop/java.awt.EventDispatchThread.pumpEvents(EventDispatchThread.java:109) [?:?]
	at java.desktop/java.awt.EventDispatchThread.pumpEvents(EventDispatchThread.java:101) [?:?]
	at java.desktop/java.awt.EventDispatchThread.run(EventDispatchThread.java:90) [?:?]
2025-05-20 16:17:52,065 INFO o.a.j.p.h.p.ProxyControl: Creating HTTP(S) Test Script Recorder Root CA in C:\Users\Frostyvis\Desktop\LoadTesting\apache-jmeter-5.6.3\apache-jmeter-5.6.3\bin\proxyserver.jks, ensure you install certificate in your Browser for recording
2025-05-20 16:17:55,119 WARN o.a.j.e.KeyToolUtils: Failed creating C:\Users\Frostyvis\Desktop\LoadTesting\BalanovMegafon\MegafonLT\new\includes\modems\ApacheJMeterTemporaryRootCA.crt, check 'keytool' utility in path is available and points to a JDK >= 7
2025-05-20 16:17:55,119 INFO o.a.j.p.h.p.ProxyControl: Created keystore in C:\Users\Frostyvis\Desktop\LoadTesting\apache-jmeter-5.6.3\apache-jmeter-5.6.3\bin\proxyserver.jks
2025-05-20 16:17:55,126 INFO o.a.j.p.h.p.Daemon: Creating Daemon Socket on port: 8888
2025-05-20 16:17:55,127 INFO o.a.j.p.h.p.Daemon: Test Script Recorder up and running!
2025-05-20 16:17:55,256 INFO o.a.j.r.ClassFinder: Will scan jar C:\Users\Frostyvis\Desktop\LoadTesting\apache-jmeter-5.6.3\apache-jmeter-5.6.3\lib\ext\bcpkix-jdk18on-1.80.jar with filter ExtendsClassFilter [parents=[interface org.apache.jmeter.protocol.http.proxy.SamplerCreator], inner=false, contains=null, notContains=null]. Consider exposing JMeter plugins via META-INF/services, and add JMeter-Skip-Class-Scanning=true manifest attribute so JMeter can skip classfile scanning
2025-05-20 16:17:55,265 INFO o.a.j.r.ClassFinder: Will scan jar C:\Users\Frostyvis\Desktop\LoadTesting\apache-jmeter-5.6.3\apache-jmeter-5.6.3\lib\ext\bcprov-jdk18on-1.80.jar with filter ExtendsClassFilter [parents=[interface org.apache.jmeter.protocol.http.proxy.SamplerCreator], inner=false, contains=null, notContains=null]. Consider exposing JMeter plugins via META-INF/services, and add JMeter-Skip-Class-Scanning=true manifest attribute so JMeter can skip classfile scanning
2025-05-20 16:17:55,357 INFO o.a.j.r.ClassFinder: Will scan jar C:\Users\Frostyvis\Desktop\LoadTesting\apache-jmeter-5.6.3\apache-jmeter-5.6.3\lib\ext\jmeter-plugins-casutg-3.0.jar with filter ExtendsClassFilter [parents=[interface org.apache.jmeter.protocol.http.proxy.SamplerCreator], inner=false, contains=null, notContains=null]. Consider exposing JMeter plugins via META-INF/services, and add JMeter-Skip-Class-Scanning=true manifest attribute so JMeter can skip classfile scanning
2025-05-20 16:17:55,358 INFO o.a.j.r.ClassFinder: Will scan jar C:\Users\Frostyvis\Desktop\LoadTesting\apache-jmeter-5.6.3\apache-jmeter-5.6.3\lib\ext\jmeter-plugins-manager-1.10.jar with filter ExtendsClassFilter [parents=[interface org.apache.jmeter.protocol.http.proxy.SamplerCreator], inner=false, contains=null, notContains=null]. Consider exposing JMeter plugins via META-INF/services, and add JMeter-Skip-Class-Scanning=true manifest attribute so JMeter can skip classfile scanning
2025-05-20 16:17:55,359 INFO o.a.j.p.h.p.Proxy: Proxy will remove the headers: If-Modified-Since,If-None-Match,Host
2025-05-20 16:17:55,360 INFO o.a.j.p.h.p.ProxyControl: [49769]  Creating entry mc.yandex.ru in C:\Users\Frostyvis\Desktop\LoadTesting\apache-jmeter-5.6.3\apache-jmeter-5.6.3\bin\proxyserver.jks
2025-05-20 16:17:57,416 INFO o.a.j.p.h.p.ProxyControl: [49771]  Creating entry content-autofill.googleapis.com in C:\Users\Frostyvis\Desktop\LoadTesting\apache-jmeter-5.6.3\apache-jmeter-5.6.3\bin\proxyserver.jks
2025-05-20 16:17:57,428 INFO o.a.j.p.h.p.Proxy: [49769]  KeyStore for SSL loaded OK and put host 'mc.yandex.ru' in map with key (mc.yandex.ru)
2025-05-20 16:17:57,463 WARN o.a.j.p.h.p.Proxy: [49769]  Problem with SSL certificate for url  for 'mc.yandex.ru'? Ensure browser is set to accept the JMeter proxy cert: Received fatal alert: certificate_unknown
2025-05-20 16:17:57,464 INFO o.a.j.s.SampleEvent: List of sample_variables: []
2025-05-20 16:17:59,084 WARN o.a.j.p.h.p.Proxy: [49772]  Problem with SSL certificate for url  for 'mc.yandex.ru'? Ensure browser is set to accept the JMeter proxy cert: Программа на вашем хост-компьютере разорвала установленное подключение
2025-05-20 16:17:59,398 WARN o.a.j.p.h.p.Proxy: [49780]  Problem with SSL certificate for url  for 'mc.yandex.ru'? Ensure browser is set to accept the JMeter proxy cert: Программа на вашем хост-компьютере разорвала установленное подключение
2025-05-20 16:17:59,618 WARN o.a.j.p.h.p.Proxy: [49782]  Problem with SSL certificate for url  for 'mc.yandex.ru'? Ensure browser is set to accept the JMeter proxy cert: Received fatal alert: certificate_unknown
2025-05-20 16:17:59,620 WARN o.a.j.p.h.p.Proxy: [49781]  Problem with SSL certificate for url  for 'mc.yandex.ru'? Ensure browser is set to accept the JMeter proxy cert: Received fatal alert: certificate_unknown
2025-05-20 16:17:59,620 WARN o.a.j.p.h.p.Proxy: [49783]  Problem with SSL certificate for url  for 'mc.yandex.ru'? Ensure browser is set to accept the JMeter proxy cert: Received fatal alert: certificate_unknown
2025-05-20 16:17:59,632 WARN o.a.j.p.h.p.Proxy: [49784]  Problem with SSL certificate for url  for 'mc.yandex.ru'? Ensure browser is set to accept the JMeter proxy cert: Received fatal alert: certificate_unknown
2025-05-20 16:17:59,643 WARN o.a.j.p.h.p.Proxy: [49785]  Problem with SSL certificate for url  for 'mc.yandex.ru'? Ensure browser is set to accept the JMeter proxy cert: Received fatal alert: certificate_unknown
2025-05-20 16:17:59,837 INFO o.a.j.p.h.p.ProxyControl: [49779]  Creating entry api.mindbox.ru in C:\Users\Frostyvis\Desktop\LoadTesting\apache-jmeter-5.6.3\apache-jmeter-5.6.3\bin\proxyserver.jks
2025-05-20 16:17:59,843 INFO o.a.j.p.h.p.Proxy: [49771]  KeyStore for SSL loaded OK and put host 'content-autofill.googleapis.com' in map with key (content-autofill.googleapis.com)
2025-05-20 16:17:59,855 WARN o.a.j.p.h.p.Proxy: [49771]  Problem with SSL certificate for url  for 'content-autofill.googleapis.com'? Ensure browser is set to accept the JMeter proxy cert: Received fatal alert: certificate_unknown
2025-05-20 16:17:59,855 WARN o.a.j.p.h.p.Proxy: [49768]  Problem with SSL certificate for url  for 'mc.yandex.ru'? Ensure browser is set to accept the JMeter proxy cert: Received fatal alert: certificate_unknown
2025-05-20 16:18:00,775 WARN o.a.j.p.h.p.Proxy: [49786]  Problem with SSL certificate for url  for 'mc.yandex.ru'? Ensure browser is set to accept the JMeter proxy cert: Received fatal alert: certificate_unknown
2025-05-20 16:18:00,783 WARN o.a.j.p.h.p.Proxy: [49787]  Problem with SSL certificate for url  for 'mc.yandex.ru'? Ensure browser is set to accept the JMeter proxy cert: Received fatal alert: certificate_unknown
2025-05-20 16:18:01,121 WARN o.a.j.p.h.p.Proxy: [49788]  Problem with SSL certificate for url  for 'mc.yandex.ru'? Ensure browser is set to accept the JMeter proxy cert: Received fatal alert: certificate_unknown
2025-05-20 16:18:01,128 WARN o.a.j.p.h.p.Proxy: [49789]  Problem with SSL certificate for url  for 'mc.yandex.ru'? Ensure browser is set to accept the JMeter proxy cert: Received fatal alert: certificate_unknown
2025-05-20 16:18:01,867 INFO o.a.j.p.h.p.ProxyControl: [49778]  Creating entry statad.ru in C:\Users\Frostyvis\Desktop\LoadTesting\apache-jmeter-5.6.3\apache-jmeter-5.6.3\bin\proxyserver.jks
2025-05-20 16:18:01,878 INFO o.a.j.p.h.p.Proxy: [49779]  KeyStore for SSL loaded OK and put host 'api.mindbox.ru' in map with key (api.mindbox.ru)
2025-05-20 16:18:01,887 WARN o.a.j.p.h.p.Proxy: [49779]  Problem with SSL certificate for url  for 'api.mindbox.ru'? Ensure browser is set to accept the JMeter proxy cert: Received fatal alert: certificate_unknown
2025-05-20 16:18:02,784 WARN o.a.j.p.h.p.Proxy: [49791]  Problem with SSL certificate for url  for 'mc.yandex.ru'? Ensure browser is set to accept the JMeter proxy cert: Received fatal alert: certificate_unknown
2025-05-20 16:18:02,792 WARN o.a.j.p.h.p.Proxy: [49792]  Problem with SSL certificate for url  for 'mc.yandex.ru'? Ensure browser is set to accept the JMeter proxy cert: Программа на вашем хост-компьютере разорвала установленное подключение
2025-05-20 16:18:03,133 WARN o.a.j.p.h.p.Proxy: [49793]  Problem with SSL certificate for url  for 'mc.yandex.ru'? Ensure browser is set to accept the JMeter proxy cert: Received fatal alert: certificate_unknown
2025-05-20 16:18:03,139 WARN o.a.j.p.h.p.Proxy: [49794]  Problem with SSL certificate for url  for 'mc.yandex.ru'? Ensure browser is set to accept the JMeter proxy cert: Received fatal alert: certificate_unknown
2025-05-20 16:18:04,044 INFO o.a.j.p.h.p.ProxyControl: [49777]  Creating entry personalization-web-stable.mindbox.ru in C:\Users\Frostyvis\Desktop\LoadTesting\apache-jmeter-5.6.3\apache-jmeter-5.6.3\bin\proxyserver.jks
2025-05-20 16:18:04,061 INFO o.a.j.p.h.p.Proxy: [49778]  KeyStore for SSL loaded OK and put host 'statad.ru' in map with key (statad.ru)
2025-05-20 16:18:04,068 WARN o.a.j.p.h.p.Proxy: [49778]  Problem with SSL certificate for url  for 'statad.ru'? Ensure browser is set to accept the JMeter proxy cert: Received fatal alert: certificate_unknown
2025-05-20 16:18:04,778 WARN o.a.j.p.h.p.Proxy: [49795]  Problem with SSL certificate for url  for 'mc.yandex.ru'? Ensure browser is set to accept the JMeter proxy cert: Received fatal alert: certificate_unknown
2025-05-20 16:18:04,785 WARN o.a.j.p.h.p.Proxy: [49796]  Problem with SSL certificate for url  for 'mc.yandex.ru'? Ensure browser is set to accept the JMeter proxy cert: Программа на вашем хост-компьютере разорвала установленное подключение
2025-05-20 16:18:05,997 INFO o.a.j.p.h.p.ProxyControl: [49776]  Creating entry cdn.searchbooster.io in C:\Users\Frostyvis\Desktop\LoadTesting\apache-jmeter-5.6.3\apache-jmeter-5.6.3\bin\proxyserver.jks
2025-05-20 16:18:06,013 INFO o.a.j.p.h.p.Proxy: [49777]  KeyStore for SSL loaded OK and put host 'personalization-web-stable.mindbox.ru' in map with key (personalization-web-stable.mindbox.ru)
2025-05-20 16:18:06,020 WARN o.a.j.p.h.p.Proxy: [49777]  Problem with SSL certificate for url  for 'personalization-web-stable.mindbox.ru'? Ensure browser is set to accept the JMeter proxy cert: Received fatal alert: certificate_unknown
2025-05-20 16:18:06,797 WARN o.a.j.p.h.p.Proxy: [49797]  Problem with SSL certificate for url  for 'mc.yandex.ru'? Ensure browser is set to accept the JMeter proxy cert: Received fatal alert: certificate_unknown
2025-05-20 16:18:06,803 WARN o.a.j.p.h.p.Proxy: [49798]  Problem with SSL certificate for url  for 'mc.yandex.ru'? Ensure browser is set to accept the JMeter proxy cert: Received fatal alert: certificate_unknown
2025-05-20 16:18:08,234 INFO o.a.j.p.h.p.ProxyControl: [49775]  Creating entry web-static.mindbox.ru in C:\Users\Frostyvis\Desktop\LoadTesting\apache-jmeter-5.6.3\apache-jmeter-5.6.3\bin\proxyserver.jks
2025-05-20 16:18:08,252 INFO o.a.j.p.h.p.Proxy: [49776]  KeyStore for SSL loaded OK and put host 'cdn.searchbooster.io' in map with key (cdn.searchbooster.io)
2025-05-20 16:18:08,259 WARN o.a.j.p.h.p.Proxy: [49776]  Problem with SSL certificate for url  for 'cdn.searchbooster.io'? Ensure browser is set to accept the JMeter proxy cert: Received fatal alert: certificate_unknown
2025-05-20 16:18:10,299 INFO o.a.j.p.h.p.ProxyControl: [49774]  Creating entry cdn2.searchbooster.net in C:\Users\Frostyvis\Desktop\LoadTesting\apache-jmeter-5.6.3\apache-jmeter-5.6.3\bin\proxyserver.jks
2025-05-20 16:18:10,317 INFO o.a.j.p.h.p.Proxy: [49775]  KeyStore for SSL loaded OK and put host 'web-static.mindbox.ru' in map with key (web-static.mindbox.ru)
2025-05-20 16:18:10,325 WARN o.a.j.p.h.p.Proxy: [49775]  Problem with SSL certificate for url  for 'web-static.mindbox.ru'? Ensure browser is set to accept the JMeter proxy cert: Received fatal alert: certificate_unknown
2025-05-20 16:18:10,827 WARN o.a.j.p.h.p.Proxy: [49799]  Problem with SSL certificate for url  for 'mc.yandex.ru'? Ensure browser is set to accept the JMeter proxy cert: Received fatal alert: certificate_unknown
2025-05-20 16:18:10,834 WARN o.a.j.p.h.p.Proxy: [49800]  Problem with SSL certificate for url  for 'mc.yandex.ru'? Ensure browser is set to accept the JMeter proxy cert: Программа на вашем хост-компьютере разорвала установленное подключение
2025-05-20 16:18:12,450 INFO o.a.j.p.h.p.ProxyControl: [49773]  Creating entry moscow.shop.megafon.ru in C:\Users\Frostyvis\Desktop\LoadTesting\apache-jmeter-5.6.3\apache-jmeter-5.6.3\bin\proxyserver.jks
2025-05-20 16:18:12,473 INFO o.a.j.p.h.p.Proxy: [49774]  KeyStore for SSL loaded OK and put host 'cdn2.searchbooster.net' in map with key (cdn2.searchbooster.net)
2025-05-20 16:18:12,480 WARN o.a.j.p.h.p.Proxy: [49774]  Problem with SSL certificate for url  for 'cdn2.searchbooster.net'? Ensure browser is set to accept the JMeter proxy cert: Received fatal alert: certificate_unknown
2025-05-20 16:18:13,161 WARN o.a.j.p.h.p.Proxy: [49802]  Problem with SSL certificate for url  for 'mc.yandex.ru'? Ensure browser is set to accept the JMeter proxy cert: Received fatal alert: certificate_unknown
2025-05-20 16:18:13,167 WARN o.a.j.p.h.p.Proxy: [49803]  Problem with SSL certificate for url  for 'mc.yandex.ru'? Ensure browser is set to accept the JMeter proxy cert: Received fatal alert: certificate_unknown
2025-05-20 16:18:14,532 INFO o.a.j.p.h.p.ProxyControl: [49790]  Creating entry ducip.megafon.ru in C:\Users\Frostyvis\Desktop\LoadTesting\apache-jmeter-5.6.3\apache-jmeter-5.6.3\bin\proxyserver.jks
2025-05-20 16:18:14,559 INFO o.a.j.p.h.p.Proxy: [49773]  KeyStore for SSL loaded OK and put host 'moscow.shop.megafon.ru' in map with key (moscow.shop.megafon.ru)
2025-05-20 16:18:14,566 WARN o.a.j.p.h.p.Proxy: [49773]  Problem with SSL certificate for url  for 'moscow.shop.megafon.ru'? Ensure browser is set to accept the JMeter proxy cert: Received fatal alert: certificate_unknown
2025-05-20 16:18:14,586 INFO o.a.j.p.h.s.HTTPHCAbstractImpl: Local host = Frostyvis
2025-05-20 16:18:14,592 INFO o.a.j.p.h.s.HTTPHC4Impl: HTTP request retry count = 0
2025-05-20 16:18:14,813 WARN o.a.j.p.h.p.Proxy: [49806]  Problem with SSL certificate for url  for 'mc.yandex.ru'? Ensure browser is set to accept the JMeter proxy cert: Received fatal alert: certificate_unknown
2025-05-20 16:18:14,873 INFO o.a.j.p.h.p.ProxyControl: Add sample OpenModems/generate_204-1 into controller OpenModems
2025-05-20 16:18:15,825 WARN o.a.j.p.h.p.Proxy: [49807]  Problem with SSL certificate for url  for 'moscow.shop.megafon.ru'? Ensure browser is set to accept the JMeter proxy cert: Received fatal alert: certificate_unknown
2025-05-20 16:18:16,893 INFO o.a.j.p.h.p.Proxy: [49790]  KeyStore for SSL loaded OK and put host 'ducip.megafon.ru' in map with key (ducip.megafon.ru)
2025-05-20 16:18:16,900 WARN o.a.j.p.h.p.Proxy: [49790]  Problem with SSL certificate for url  for 'ducip.megafon.ru'? Ensure browser is set to accept the JMeter proxy cert: Received fatal alert: certificate_unknown
2025-05-20 16:18:17,837 INFO o.a.j.p.h.p.Daemon: HTTP(S) Test Script Recorder stopped
2025-05-20 16:18:58,979 INFO o.a.j.p.h.p.ProxyControl: Valid alias found for :root_ca:
2025-05-20 16:18:58,979 INFO o.a.j.p.h.p.ProxyControl: Valid alias found for :intermediate_ca:
2025-05-20 16:18:58,979 INFO o.a.j.p.h.p.Daemon: Creating Daemon Socket on port: 8888
2025-05-20 16:18:58,980 INFO o.a.j.p.h.p.Daemon: Test Script Recorder up and running!
2025-05-20 16:18:59,096 WARN o.a.j.p.h.p.Proxy: [49853]  Problem with SSL certificate for url  for 'mc.yandex.ru'? Ensure browser is set to accept the JMeter proxy cert: Received fatal alert: certificate_unknown
2025-05-20 16:18:59,096 WARN o.a.j.p.h.p.Proxy: [49852]  Problem with SSL certificate for url  for 'mc.yandex.ru'? Ensure browser is set to accept the JMeter proxy cert: Received fatal alert: certificate_unknown
2025-05-20 16:18:59,102 WARN o.a.j.p.h.p.Proxy: [49855]  Problem with SSL certificate for url  for 'mc.yandex.ru'? Ensure browser is set to accept the JMeter proxy cert: Received fatal alert: certificate_unknown
2025-05-20 16:19:02,055 WARN o.a.j.p.h.p.Proxy: [49857]  Problem with SSL certificate for url  for 'mc.yandex.ru'? Ensure browser is set to accept the JMeter proxy cert: Received fatal alert: certificate_unknown
2025-05-20 16:19:02,062 WARN o.a.j.p.h.p.Proxy: [49858]  Problem with SSL certificate for url  for 'mc.yandex.ru'? Ensure browser is set to accept the JMeter proxy cert: Received fatal alert: certificate_unknown
2025-05-20 16:19:03,107 WARN o.a.j.p.h.p.Proxy: [49859]  Problem with SSL certificate for url  for 'mc.yandex.ru'? Ensure browser is set to accept the JMeter proxy cert: Received fatal alert: certificate_unknown
2025-05-20 16:19:03,113 WARN o.a.j.p.h.p.Proxy: [49860]  Problem with SSL certificate for url  for 'mc.yandex.ru'? Ensure browser is set to accept the JMeter proxy cert: Received fatal alert: certificate_unknown
2025-05-20 16:19:03,113 WARN o.a.j.p.h.p.Proxy: [49861]  Problem with SSL certificate for url  for 'mc.yandex.ru'? Ensure browser is set to accept the JMeter proxy cert: Received fatal alert: certificate_unknown
2025-05-20 16:19:03,126 WARN o.a.j.p.h.p.Proxy: [49863]  Problem with SSL certificate for url  for 'cdn2.searchbooster.net'? Ensure browser is set to accept the JMeter proxy cert: Received fatal alert: certificate_unknown
2025-05-20 16:19:03,126 WARN o.a.j.p.h.p.Proxy: [49862]  Problem with SSL certificate for url  for 'moscow.shop.megafon.ru'? Ensure browser is set to accept the JMeter proxy cert: Received fatal alert: certificate_unknown
2025-05-20 16:19:03,126 WARN o.a.j.p.h.p.Proxy: [49864]  Problem with SSL certificate for url  for 'web-static.mindbox.ru'? Ensure browser is set to accept the JMeter proxy cert: Received fatal alert: certificate_unknown
2025-05-20 16:19:03,129 WARN o.a.j.p.h.p.Proxy: [49865]  Problem with SSL certificate for url  for 'cdn.searchbooster.io'? Ensure browser is set to accept the JMeter proxy cert: Received fatal alert: certificate_unknown
2025-05-20 16:19:03,131 WARN o.a.j.p.h.p.Proxy: [49866]  Problem with SSL certificate for url  for 'personalization-web-stable.mindbox.ru'? Ensure browser is set to accept the JMeter proxy cert: Received fatal alert: certificate_unknown
2025-05-20 16:19:03,132 WARN o.a.j.p.h.p.Proxy: [49867]  Problem with SSL certificate for url  for 'statad.ru'? Ensure browser is set to accept the JMeter proxy cert: Received fatal alert: certificate_unknown
2025-05-20 16:19:03,132 WARN o.a.j.p.h.p.Proxy: [49868]  Problem with SSL certificate for url  for 'api.mindbox.ru'? Ensure browser is set to accept the JMeter proxy cert: Received fatal alert: certificate_unknown
2025-05-20 16:19:03,133 WARN o.a.j.p.h.p.Proxy: [49869]  Problem with SSL certificate for url  for 'mc.yandex.ru'? Ensure browser is set to accept the JMeter proxy cert: Received fatal alert: certificate_unknown
2025-05-20 16:19:03,140 WARN o.a.j.p.h.p.Proxy: [49870]  Problem with SSL certificate for url  for 'mc.yandex.ru'? Ensure browser is set to accept the JMeter proxy cert: Received fatal alert: certificate_unknown
2025-05-20 16:19:03,237 WARN o.a.j.p.h.p.Proxy: [49873]  Problem with SSL certificate for url  for 'mc.yandex.ru'? Ensure browser is set to accept the JMeter proxy cert: Received fatal alert: certificate_unknown
2025-05-20 16:19:03,242 WARN o.a.j.p.h.p.Proxy: [49874]  Problem with SSL certificate for url  for 'mc.yandex.ru'? Ensure browser is set to accept the JMeter proxy cert: Received fatal alert: certificate_unknown
2025-05-20 16:19:03,242 WARN o.a.j.p.h.p.Proxy: [49875]  Problem with SSL certificate for url  for 'mc.yandex.ru'? Ensure browser is set to accept the JMeter proxy cert: Received fatal alert: certificate_unknown
2025-05-20 16:19:03,283 INFO o.a.j.p.h.p.ProxyControl: Add sample OpenModems/generate_204-2 into controller OpenModems
2025-05-20 16:19:04,236 WARN o.a.j.p.h.p.Proxy: [49876]  Problem with SSL certificate for url  for 'moscow.shop.megafon.ru'? Ensure browser is set to accept the JMeter proxy cert: Received fatal alert: certificate_unknown
2025-05-20 16:19:07,069 WARN o.a.j.p.h.p.Proxy: [49877]  Problem with SSL certificate for url  for 'moscow.shop.megafon.ru'? Ensure browser is set to accept the JMeter proxy cert: Received fatal alert: certificate_unknown
2025-05-20 16:19:07,069 WARN o.a.j.p.h.p.Proxy: [49878]  Problem with SSL certificate for url  for 'cdn2.searchbooster.net'? Ensure browser is set to accept the JMeter proxy cert: Received fatal alert: certificate_unknown
2025-05-20 16:19:07,070 WARN o.a.j.p.h.p.Proxy: [49879]  Problem with SSL certificate for url  for 'web-static.mindbox.ru'? Ensure browser is set to accept the JMeter proxy cert: Программа на вашем хост-компьютере разорвала установленное подключение
2025-05-20 16:19:07,070 WARN o.a.j.p.h.p.Proxy: [49880]  Problem with SSL certificate for url  for 'cdn.searchbooster.io'? Ensure browser is set to accept the JMeter proxy cert: Received fatal alert: certificate_unknown
2025-05-20 16:19:07,072 WARN o.a.j.p.h.p.Proxy: [49881]  Problem with SSL certificate for url  for 'personalization-web-stable.mindbox.ru'? Ensure browser is set to accept the JMeter proxy cert: Received fatal alert: certificate_unknown
2025-05-20 16:19:07,073 WARN o.a.j.p.h.p.Proxy: [49882]  Problem with SSL certificate for url  for 'statad.ru'? Ensure browser is set to accept the JMeter proxy cert: Received fatal alert: certificate_unknown
2025-05-20 16:19:07,074 WARN o.a.j.p.h.p.Proxy: [49883]  Problem with SSL certificate for url  for 'api.mindbox.ru'? Ensure browser is set to accept the JMeter proxy cert: Received fatal alert: certificate_unknown
2025-05-20 16:19:11,096 WARN o.a.j.p.h.p.Proxy: [49885]  Problem with SSL certificate for url  for 'moscow.shop.megafon.ru'? Ensure browser is set to accept the JMeter proxy cert: Received fatal alert: certificate_unknown
2025-05-20 16:19:13,103 INFO o.a.j.p.h.p.Daemon: HTTP(S) Test Script Recorder stopped
2025-05-20 16:19:41,348 INFO o.a.j.p.h.p.ProxyControl: Valid alias found for :root_ca:
2025-05-20 16:19:41,348 INFO o.a.j.p.h.p.ProxyControl: Valid alias found for :intermediate_ca:
2025-05-20 16:19:41,349 INFO o.a.j.p.h.p.Daemon: Creating Daemon Socket on port: 8888
2025-05-20 16:19:41,349 INFO o.a.j.p.h.p.Daemon: Test Script Recorder up and running!
2025-05-20 16:19:41,410 INFO o.a.j.p.h.s.h.LazyLayeredConnectionSocketFactory: Setting up HTTPS TrustAll Socket Factory
2025-05-20 16:19:41,411 INFO o.a.j.u.JsseSSLManager: Using default SSL protocol: TLS
2025-05-20 16:19:41,412 INFO o.a.j.u.JsseSSLManager: SSL session context: per-thread
2025-05-20 16:19:41,436 INFO o.a.j.u.SSLManager: JmeterKeyStore Location:  type JKS
2025-05-20 16:19:41,437 INFO o.a.j.u.SSLManager: KeyStore created OK
2025-05-20 16:19:41,437 WARN o.a.j.u.SSLManager: Keystore file not found, loading empty keystore
2025-05-20 16:19:41,558 INFO o.a.j.p.h.p.ProxyControl: Add sample OpenModems/clmap/26851668-4 into controller OpenModems
2025-05-20 16:19:41,561 INFO o.a.j.p.h.p.ProxyControl: Add sample OpenModems/clmap/26851704-3 into controller OpenModems
2025-05-20 16:19:41,763 INFO o.a.j.p.h.p.ProxyControl: Add sample OpenModems/webvisor/26851668?wv-part=2&wv-type=7&wmode=0&wv-hit=200531143&page-url=https%3A%2F%2Fmoscow.shop.megafon.ru%2F&rn=238168563&browser-info=we%3A1%3Aet%3A1747743580%3Aw%3A1905x901%3Av%3A2040%3Az%3A240%3Ai%3A20250520161940%3Au%3A1739911235253772217%3Avf%3A91r6djxnfagi0ac8j9552ae0fuu7%3Ast%3A1747743580&t=gdpr(14)ti(1)-6 into controller OpenModems
2025-05-20 16:19:41,804 INFO o.a.j.p.h.p.ProxyControl: Add sample OpenModems/webvisor/26851668?wv-part=4&wv-type=7&wmode=0&wv-hit=200531143&page-url=https%3A%2F%2Fmoscow.shop.megafon.ru%2F&rn=719871869&browser-info=bt%3A1%3Awe%3A1%3Aet%3A1747743580%3Aw%3A1905x901%3Av%3A2040%3Az%3A240%3Ai%3A20250520161939%3Au%3A1739911235253772217%3Avf%3A91r6djxnfagi0ac8j9552ae0fuu7%3Ast%3A1747743580&t=gdpr(14)ti(1)-5 into controller OpenModems
2025-05-20 16:19:42,093 INFO o.a.j.p.h.p.ProxyControl: Add sample OpenModems/webvisor/26851668?wv-part=5&wv-type=7&wmode=0&wv-hit=200531143&page-url=https%3A%2F%2Fmoscow.shop.megafon.ru%2F&rn=193858425&browser-info=bt%3A1%3Awe%3A1%3Aet%3A1747743580%3Aw%3A1905x901%3Av%3A2040%3Az%3A240%3Ai%3A20250520161940%3Au%3A1739911235253772217%3Avf%3A91r6djxnfagi0ac8j9552ae0fuu7%3Ast%3A1747743580&t=gdpr(14)ti(1)-7 into controller OpenModems
2025-05-20 16:19:42,104 INFO o.a.j.p.h.p.ProxyControl: Add sample OpenModems/webvisor/26851668?wv-part=3&wv-type=7&wmode=0&wv-hit=200531143&page-url=https%3A%2F%2Fmoscow.shop.megafon.ru%2F&rn=1004113639&browser-info=we%3A1%3Aet%3A1747743582%3Aw%3A1905x901%3Av%3A2040%3Az%3A240%3Ai%3A20250520161941%3Au%3A1739911235253772217%3Avf%3A91r6djxnfagi0ac8j9552ae0fuu7%3Ast%3A1747743582&t=gdpr(14)ti(1)-8 into controller OpenModems
2025-05-20 16:19:45,043 INFO o.a.j.p.h.p.ProxyControl: Add sample OpenModems/clmap/26851668-10 into controller OpenModems
2025-05-20 16:19:45,047 INFO o.a.j.p.h.p.ProxyControl: Add sample OpenModems/clmap/26851704-9 into controller OpenModems
2025-05-20 16:19:45,459 INFO o.a.j.p.h.p.ProxyControl: Add sample OpenModems/watch/26851704/1?page-url=btn%3A%2F%2Fmoscow.shop.megafon.ru%2F%3Fp%3D%253BQ6d%25C2%2582A3A1%257FAA1%26h%3D3883167768%26c%3D4207698002&page-ref=https%3A%2F%2Fmoscow.shop.megafon.ru%2F&charset=utf-8&uah=chu%0A%22Chromium%22%3Bv%3D%22136%22%2C%22Google%20Chrome%22%3Bv%3D%22136%22%2C%22Not.A%2FBrand%22%3Bv%3D%2299%22%0Acha%0Ax86%0Achb%0A64%0Achf%0A136.0.7103.114%0Achl%0A%22Chromium%22%3Bv%3D%22136.0.7103.114%22%2C%22Google%20Chrome%22%3Bv%3D%22136.0.7103.114%22%2C%22Not.A%2FBrand%22%3Bv%3D%2299.0.0.0%22%0Achm%0A%3F0%0Achp%0AWindows%0Achv%0A10.0.0&hittoken=1747743574_6939df92b781c9d83dd277eff36367033300fe70b3020e2e7875aef02898d829&browser-info=ar%3A1%3Avf%3A91r6djxnfagi0ac8j9552ae0fuu7%3Afu%3A3%3Aen%3Autf-8%3Ala%3Aru-RU%3Av%3A2040%3Acn%3A1%3Adp%3A1%3Als%3A182097413746%3Ahid%3A200531143%3Az%3A240%3Ai%3A20250520161945%3Aet%3A1747743585%3Ac%3A1%3Arn%3A981759529%3Arqn%3A530%3Au%3A1739911235253772217%3Aw%3A1905x901%3As%3A1920x1080x24%3Ask%3A1%3Awv%3A2%3Ads%3A%2C%2C%2C%2C%2C%2C%2C%2C%2C662%2C662%2C0%2C%3Aco%3A0%3Acpf%3A1%3Aeu%3A0%3Ans%3A1747743573783%3Aadb%3A2%3App%3A3629563401%3Arqnl%3A1%3Ast%3A1747743585%3At%3A%D0%98%D0%BD%D1%82%D0%B5%D1%80%D0%BD%D0%B5%D1%82-%D0%BC%D0%B0%D0%B3%D0%B0%D0%B7%D0%B8%D0%BD%20%D0%9C%D0%B5%D0%B3%D0%B0%D0%A4%D0%BE%D0%BD%D0%B0%20%D0%B2%20%D0%9C%D0%BE%D1%81%D0%BA%D0%B2%D0%B5%3A%20%D0%BF%D1%80%D0%BE%D0%B4%D0%B0%D0%B6%D0%B0%20%D1%86%D0%B8%D1%84%D1%80%D0%BE%D0%B2%D0%BE%D0%B9%20%D0%B8%20%D0%B1%D1%8B%D1%82%D0%BE%D0%B2%D0%BE%D0%B9%20%D1%82%D0%B5%D1%85%D0%BD%D0%B8%D0%BA%D0%B8%2C%20%D1%81%D0%BC%D0%B0%D1%80%D1%82%D1%84%D0%BE%D0%BD%D0%BE%D0%B2%20%D0%B8%20%D0%B0%D0%BA%D1%81%D0%B5%D1%81%D1%81%D1%83%D0%B0%D1%80%D0%BE%D0%B2%20%D0%BF%D0%BE%20%D0%B4%D0%BE%D1%81%D1%82%D1%83%D0%BF%D0%BD%D1%8B%D0%BC%20%D1%86%D0%B5%D0%BD%D0%B0%D0%BC&t=gdpr(14)mc(ex-2)clc(4-742-193)rqnt(2)aw(1)rcm(0)ecs(0)cdl(na)eco(42542592)dss(1)oms(0)fid(120)ti(0)&force-urlencoded=1&site-info=%7B%22__ym%22%3A%7B%22ite%22%3A1%7D%7D-11 into controller OpenModems
2025-05-20 16:19:45,464 INFO o.a.j.p.h.p.ProxyControl: Add sample OpenModems/clmap/26851704-12 into controller OpenModems
2025-05-20 16:19:45,468 INFO o.a.j.p.h.p.ProxyControl: Add sample OpenModems/clmap/26851668-13 into controller OpenModems
2025-05-20 16:19:45,867 INFO o.a.j.p.h.p.ProxyControl: Add sample OpenModems/webvisor/26851668?wv-part=4&wv-type=7&wmode=0&wv-hit=200531143&page-url=https%3A%2F%2Fmoscow.shop.megafon.ru%2F&rn=543582551&browser-info=we%3A1%3Aet%3A1747743586%3Aw%3A1905x901%3Av%3A2040%3Az%3A240%3Ai%3A20250520161945%3Au%3A1739911235253772217%3Avf%3A91r6djxnfagi0ac8j9552ae0fuu7%3Ast%3A1747743586&t=gdpr(14)ti(1)-15 into controller OpenModems
2025-05-20 16:19:46,067 INFO o.a.j.p.h.p.ProxyControl: Add sample OpenModems/webvisor/26851668?wv-part=6&wv-type=7&wmode=0&wv-hit=200531143&page-url=https%3A%2F%2Fmoscow.shop.megafon.ru%2F&rn=741976820&browser-info=bt%3A1%3Awe%3A1%3Aet%3A1747743586%3Aw%3A1905x901%3Av%3A2040%3Az%3A240%3Ai%3A20250520161945%3Au%3A1739911235253772217%3Avf%3A91r6djxnfagi0ac8j9552ae0fuu7%3Ast%3A1747743586&t=gdpr(14)ti(1)-16 into controller OpenModems
2025-05-20 16:19:46,496 INFO o.a.j.p.h.p.ProxyControl: Add sample OpenModems/system/banners/5926/1cb0c9a9de12fd596147ab48c82cc8ce.png-17 into controller OpenModems
2025-05-20 16:19:46,988 INFO o.a.j.p.h.p.ProxyControl: [49984]  Creating entry android.clients.google.com in C:\Users\Frostyvis\Desktop\LoadTesting\apache-jmeter-5.6.3\apache-jmeter-5.6.3\bin\proxyserver.jks
2025-05-20 16:19:47,948 INFO o.a.j.p.h.p.ProxyControl: Add sample OpenModems/webvisor/26851668?wv-part=5&wv-type=7&wmode=0&wv-hit=200531143&page-url=https%3A%2F%2Fmoscow.shop.megafon.ru%2F&rn=868395832&browser-info=we%3A1%3Aet%3A1747743588%3Aw%3A1905x901%3Av%3A2040%3Az%3A240%3Ai%3A20250520161947%3Au%3A1739911235253772217%3Avf%3A91r6djxnfagi0ac8j9552ae0fuu7%3Ast%3A1747743588&t=gdpr(14)ti(1)-18 into controller OpenModems
2025-05-20 16:19:48,162 INFO o.a.j.p.h.p.ProxyControl: Add sample OpenModems/webvisor/26851668?wv-part=7&wv-type=7&wmode=0&wv-hit=200531143&page-url=https%3A%2F%2Fmoscow.shop.megafon.ru%2F&rn=66590168&browser-info=bt%3A1%3Awe%3A1%3Aet%3A1747743588%3Aw%3A1905x901%3Av%3A2040%3Az%3A240%3Ai%3A20250520161947%3Au%3A1739911235253772217%3Avf%3A91r6djxnfagi0ac8j9552ae0fuu7%3Ast%3A1747743588&t=gdpr(14)ti(1)-19 into controller OpenModems
2025-05-20 16:19:49,007 INFO o.a.j.p.h.p.Proxy: [49984]  KeyStore for SSL loaded OK and put host 'android.clients.google.com' in map with key (android.clients.google.com)
2025-05-20 16:19:49,213 INFO o.a.j.p.h.p.ProxyControl: Add sample OpenModems/c2dm/register3-20 into controller OpenModems
2025-05-20 16:19:49,834 INFO o.a.j.p.h.p.ProxyControl: Add sample OpenModems/webvisor/26851668?wv-part=6&wv-type=7&wmode=0&wv-hit=200531143&page-url=https%3A%2F%2Fmoscow.shop.megafon.ru%2F&rn=830909376&browser-info=we%3A1%3Aet%3A1747743590%3Aw%3A1905x901%3Av%3A2040%3Az%3A240%3Ai%3A20250520161949%3Au%3A1739911235253772217%3Avf%3A91r6djxnfagi0ac8j9552ae0fuu7%3Ast%3A1747743590&t=gdpr(14)ti(1)-21 into controller OpenModems
2025-05-20 16:19:49,940 INFO o.a.j.p.h.p.ProxyControl: [49996]  Creating entry static.shop.megafon.ru in C:\Users\Frostyvis\Desktop\LoadTesting\apache-jmeter-5.6.3\apache-jmeter-5.6.3\bin\proxyserver.jks
2025-05-20 16:19:50,048 INFO o.a.j.p.h.p.ProxyControl: Add sample OpenModems/modems_routers-14 into controller OpenModems
2025-05-20 16:19:50,052 INFO o.a.j.p.h.p.ProxyControl: Add sample OpenModems/webvisor/26851668?wv-part=7&wv-type=7&wmode=0&wv-hit=200531143&page-url=https%3A%2F%2Fmoscow.shop.megafon.ru%2F&rn=232843470&browser-info=we%3A1%3Aet%3A1747743590%3Aw%3A1905x901%3Av%3A2040%3Az%3A240%3Ai%3A20250520161949%3Au%3A1739911235253772217%3Avf%3A91r6djxnfagi0ac8j9552ae0fuu7%3Ast%3A1747743590&t=gdpr(14)ti(1)-23 into controller OpenModems
2025-05-20 16:19:50,055 INFO o.a.j.p.h.p.ProxyControl: Add sample OpenModems/webvisor/26851668?wv-part=1&wv-check=40685&wv-type=0&wmode=0&wv-hit=200531143&page-url=https%3A%2F%2Fmoscow.shop.megafon.ru%2F&rn=590181477&browser-info=we%3A1%3Aet%3A1747743590%3Aw%3A1905x901%3Av%3A2040%3Az%3A240%3Ai%3A20250520161949%3Au%3A1739911235253772217%3Avf%3A91r6djxnfagi0ac8j9552ae0fuu7%3Ast%3A1747743590&t=gdpr(14)ti(1)-22 into controller OpenModems
2025-05-20 16:19:50,254 INFO o.a.j.p.h.p.ProxyControl: Add sample OpenModems/images/goods/img/logo.png-25 into controller OpenModems
2025-05-20 16:19:50,258 INFO o.a.j.p.h.p.ProxyControl: Add sample OpenModems/_next/static/css/f12bf30103dee3f8.css-24 into controller OpenModems
2025-05-20 16:19:50,450 INFO o.a.j.p.h.p.ProxyControl: Add sample OpenModems/watch/26851668-29 into controller OpenModems
2025-05-20 16:19:50,454 INFO o.a.j.p.h.p.ProxyControl: Add sample OpenModems/watch/26851704-28 into controller OpenModems
2025-05-20 16:19:50,457 INFO o.a.j.p.h.p.ProxyControl: Add sample OpenModems/pixel.gif-30 into controller OpenModems
2025-05-20 16:19:50,462 INFO o.a.j.p.h.p.ProxyControl: Add sample OpenModems/v1/pages/ChVDaHJvbWUvMTM2LjAuNzEwMy4xMTQSJwnSWYpQCReiWxIFDVXchjkSBQ24dLihEgUNcTm1TyFJYQCGgYWFvw==-26 into controller OpenModems
2025-05-20 16:19:50,466 INFO o.a.j.p.h.p.ProxyControl: Add sample OpenModems/v1.1/customer/track-visit?version=1.0.698&transport=beacon-27 into controller OpenModems
2025-05-20 16:19:50,660 INFO o.a.j.p.h.p.ProxyControl: Add sample OpenModems/show/p/563.json?&r=moscow-31 into controller OpenModems
2025-05-20 16:19:50,670 INFO o.a.j.p.h.p.ProxyControl: Add sample OpenModems/show/p/563.json-35 into controller OpenModems
2025-05-20 16:19:50,682 INFO o.a.j.p.h.p.ProxyControl: Add sample OpenModems/api/check-vpn-34 into controller OpenModems
2025-05-20 16:19:50,693 INFO o.a.j.p.h.p.ProxyControl: Add sample OpenModems/api/personal/user-33 into controller OpenModems
2025-05-20 16:19:50,701 INFO o.a.j.p.h.p.ProxyControl: Add sample OpenModems/show/p/459.json-36 into controller OpenModems
2025-05-20 16:19:50,723 INFO o.a.j.p.h.p.ProxyControl: Add sample OpenModems/show/p/459.json-37 into controller OpenModems
2025-05-20 16:19:50,730 INFO o.a.j.p.h.p.ProxyControl: Add sample OpenModems/show/p/459.json-39 into controller OpenModems
2025-05-20 16:19:50,739 INFO o.a.j.p.h.p.ProxyControl: Add sample OpenModems/api/branch-32 into controller OpenModems
2025-05-20 16:19:50,749 INFO o.a.j.p.h.p.ProxyControl: Add sample OpenModems/show/p/459.json-41 into controller OpenModems
2025-05-20 16:19:50,756 INFO o.a.j.p.h.p.ProxyControl: Add sample OpenModems/show/p/459.json-40 into controller OpenModems
2025-05-20 16:19:50,763 INFO o.a.j.p.h.p.ProxyControl: Add sample OpenModems/show/p/459.json-38 into controller OpenModems
2025-05-20 16:19:50,772 INFO o.a.j.p.h.p.ProxyControl: Add sample OpenModems/show/p/459.json-46 into controller OpenModems
2025-05-20 16:19:50,780 INFO o.a.j.p.h.p.ProxyControl: Add sample OpenModems/show/p/459.json-47 into controller OpenModems
2025-05-20 16:19:50,871 INFO o.a.j.p.h.p.ProxyControl: Add sample OpenModems/show/p/459.json-48 into controller OpenModems
2025-05-20 16:19:50,896 INFO o.a.j.p.h.p.ProxyControl: Add sample OpenModems/show/p/459.json-50 into controller OpenModems
2025-05-20 16:19:50,905 INFO o.a.j.p.h.p.ProxyControl: Add sample OpenModems/show/p/459.json-51 into controller OpenModems
2025-05-20 16:19:50,912 INFO o.a.j.p.h.p.ProxyControl: Add sample OpenModems/init/30798/domain_and_endpoint/shop-megafon:moscow.shop.megafon.ru?_=5825811-42 into controller OpenModems
2025-05-20 16:19:50,927 INFO o.a.j.p.h.p.ProxyControl: Add sample OpenModems/init/30798/endpoint/shop-megafon?_=5825811-45 into controller OpenModems
2025-05-20 16:19:50,938 INFO o.a.j.p.h.p.ProxyControl: Add sample OpenModems/init/30798/domain_and_endpoint/shop-megafon:*megafon.ru?_=5825811-44 into controller OpenModems
2025-05-20 16:19:50,944 INFO o.a.j.p.h.p.ProxyControl: Add sample OpenModems/init/30798/domain_and_endpoint/shop-megafon:*moscow.shop.megafon.ru?_=5825811-43 into controller OpenModems
2025-05-20 16:19:50,951 INFO o.a.j.p.h.p.ProxyControl: Add sample OpenModems/show/p/459.json-56 into controller OpenModems
2025-05-20 16:19:50,958 INFO o.a.j.p.h.p.ProxyControl: Add sample OpenModems/show/p/459.json-57 into controller OpenModems
2025-05-20 16:19:50,966 INFO o.a.j.p.h.p.ProxyControl: Add sample OpenModems/show/p/459.json-58 into controller OpenModems
2025-05-20 16:19:50,972 INFO o.a.j.p.h.p.ProxyControl: Add sample OpenModems/show/p/459.json-59 into controller OpenModems
2025-05-20 16:19:50,980 INFO o.a.j.p.h.p.ProxyControl: Add sample OpenModems/show/p/459.json-60 into controller OpenModems
2025-05-20 16:19:50,984 INFO o.a.j.p.h.p.ProxyControl: Add sample OpenModems/show/p/459.json-61 into controller OpenModems
2025-05-20 16:19:50,989 INFO o.a.j.p.h.p.ProxyControl: Add sample OpenModems/show/p/459.json-62 into controller OpenModems
2025-05-20 16:19:50,994 INFO o.a.j.p.h.p.ProxyControl: Add sample OpenModems/modems_routers/ant-53 into controller OpenModems
2025-05-20 16:19:51,000 INFO o.a.j.p.h.p.ProxyControl: Add sample OpenModems/modems_routers/sets_simcard-54 into controller OpenModems
2025-05-20 16:19:51,006 INFO o.a.j.p.h.p.ProxyControl: Add sample OpenModems/modems_routers/135817-55 into controller OpenModems
2025-05-20 16:19:51,014 INFO o.a.j.p.h.p.ProxyControl: Add sample OpenModems/show/p/459.json-64 into controller OpenModems
2025-05-20 16:19:51,021 INFO o.a.j.p.h.p.ProxyControl: Add sample OpenModems/modems_routers/modems-52 into controller OpenModems
2025-05-20 16:19:51,028 INFO o.a.j.p.h.p.ProxyControl: Add sample OpenModems/modems_routers/routers-49 into controller OpenModems
2025-05-20 16:19:51,032 INFO o.a.j.p.h.p.ProxyControl: Add sample OpenModems/show/p/459.json-63 into controller OpenModems
2025-05-20 16:19:51,036 INFO o.a.j.p.h.p.ProxyControl: Add sample OpenModems/show/p/459.json-65 into controller OpenModems
2025-05-20 16:19:51,042 INFO o.a.j.p.h.p.ProxyControl: Add sample OpenModems/show/p/459.json-66 into controller OpenModems
2025-05-20 16:19:51,048 INFO o.a.j.p.h.p.ProxyControl: Add sample OpenModems/show/p/459.json-67 into controller OpenModems
2025-05-20 16:19:51,055 INFO o.a.j.p.h.p.ProxyControl: Add sample OpenModems/show/p/459.json-68 into controller OpenModems
2025-05-20 16:19:51,061 INFO o.a.j.p.h.p.ProxyControl: Add sample OpenModems/show/p/459.json-69 into controller OpenModems
2025-05-20 16:19:51,102 INFO o.a.j.p.h.p.ProxyControl: Add sample OpenModems/show/p/459.json-70 into controller OpenModems
2025-05-20 16:19:51,110 INFO o.a.j.p.h.p.ProxyControl: Add sample OpenModems/show/p/459.json-71 into controller OpenModems
2025-05-20 16:19:51,118 INFO o.a.j.p.h.p.ProxyControl: Add sample OpenModems/show/p/459.json-73 into controller OpenModems
2025-05-20 16:19:51,126 INFO o.a.j.p.h.p.ProxyControl: Add sample OpenModems/show/p/459.json-72 into controller OpenModems
2025-05-20 16:19:51,134 INFO o.a.j.p.h.p.ProxyControl: Add sample OpenModems/show/p/459.json-74 into controller OpenModems
2025-05-20 16:19:51,143 INFO o.a.j.p.h.p.ProxyControl: Add sample OpenModems/show/p/459.json-75 into controller OpenModems
2025-05-20 16:19:51,298 INFO o.a.j.p.h.p.ProxyControl: Add sample OpenModems/show/p/459.json-76 into controller OpenModems
2025-05-20 16:19:51,305 INFO o.a.j.p.h.p.ProxyControl: Add sample OpenModems/show/p/459.json-77 into controller OpenModems
2025-05-20 16:19:51,312 INFO o.a.j.p.h.p.ProxyControl: Add sample OpenModems/show/p/459.json-78 into controller OpenModems
2025-05-20 16:19:51,520 INFO o.a.j.p.h.p.ProxyControl: Add sample OpenModems/modems_routers/153942-82 into controller OpenModems
2025-05-20 16:19:51,526 INFO o.a.j.p.h.p.ProxyControl: Add sample OpenModems/modems_routers/196620-83 into controller OpenModems
2025-05-20 16:19:51,532 INFO o.a.j.p.h.p.ProxyControl: Add sample OpenModems/modems_routers/182330-80 into controller OpenModems
2025-05-20 16:19:51,540 INFO o.a.j.p.h.p.ProxyControl: Add sample OpenModems/modems_routers/181408-79 into controller OpenModems
2025-05-20 16:19:51,547 INFO o.a.j.p.h.p.ProxyControl: Add sample OpenModems/modems_routers/143072-81 into controller OpenModems
2025-05-20 16:19:51,729 INFO o.a.j.p.h.p.ProxyControl: Add sample OpenModems/modems_routers/175323-85 into controller OpenModems
2025-05-20 16:19:51,734 INFO o.a.j.p.h.p.ProxyControl: Add sample OpenModems/modems_routers/175321-84 into controller OpenModems
2025-05-20 16:19:52,358 INFO o.a.j.p.h.p.ProxyControl: Add sample OpenModems/v3/js/operations/async?version=1.0.698&transport=beacon&operation=popmechanic-popup-78561-targeting&endpointId=Shop-Megafon&originDomain=moscow.shop.megafon.ru-87 into controller OpenModems
2025-05-20 16:19:52,446 INFO o.a.j.p.h.p.ProxyControl: [50129]  Creating entry api.shop.megafon.ru in C:\Users\Frostyvis\Desktop\LoadTesting\apache-jmeter-5.6.3\apache-jmeter-5.6.3\bin\proxyserver.jks
2025-05-20 16:19:52,463 INFO o.a.j.p.h.p.Proxy: [49996]  KeyStore for SSL loaded OK and put host 'static.shop.megafon.ru' in map with key (static.shop.megafon.ru)
2025-05-20 16:19:52,572 INFO o.a.j.p.h.p.ProxyControl: Add sample OpenModems/webvisor/26851668?wv-part=1&wv-type=7&wmode=0&wv-hit=249275721&page-url=https%3A%2F%2Fmoscow.shop.megafon.ru%2Fmodems_routers&rn=451419536&browser-info=bt%3A1%3Awe%3A1%3Aet%3A1747743592%3Aw%3A1905x901%3Av%3A2040%3Az%3A240%3Ai%3A20250520161952%3Au%3A1739911235253772217%3Avf%3A91r6djxnfagi0ac8j9552ae0fuu7%3Ast%3A1747743592&t=gdpr(14)ti(1)-88 into controller OpenModems
2025-05-20 16:19:54,582 INFO o.a.j.p.h.p.ProxyControl: [50066]  Creating entry uaas.yandex.ru in C:\Users\Frostyvis\Desktop\LoadTesting\apache-jmeter-5.6.3\apache-jmeter-5.6.3\bin\proxyserver.jks
2025-05-20 16:19:54,605 INFO o.a.j.p.h.p.Proxy: [50129]  KeyStore for SSL loaded OK and put host 'api.shop.megafon.ru' in map with key (api.shop.megafon.ru)
2025-05-20 16:19:56,794 INFO o.a.j.p.h.p.ProxyControl: [49999]  Creating entry api4.searchbooster.io in C:\Users\Frostyvis\Desktop\LoadTesting\apache-jmeter-5.6.3\apache-jmeter-5.6.3\bin\proxyserver.jks
2025-05-20 16:19:56,828 INFO o.a.j.p.h.p.Proxy: [50066]  KeyStore for SSL loaded OK and put host 'uaas.yandex.ru' in map with key (uaas.yandex.ru)
2025-05-20 16:19:58,926 INFO o.a.j.p.h.p.ProxyControl: [49997]  Creating entry api.searchbooster.net in C:\Users\Frostyvis\Desktop\LoadTesting\apache-jmeter-5.6.3\apache-jmeter-5.6.3\bin\proxyserver.jks
2025-05-20 16:19:58,962 INFO o.a.j.p.h.p.Proxy: [49999]  KeyStore for SSL loaded OK and put host 'api4.searchbooster.io' in map with key (api4.searchbooster.io)
2025-05-20 16:20:01,123 INFO o.a.j.p.h.p.ProxyControl: [50209]  Creating entry mtalk.google.com in C:\Users\Frostyvis\Desktop\LoadTesting\apache-jmeter-5.6.3\apache-jmeter-5.6.3\bin\proxyserver.jks
2025-05-20 16:20:01,164 INFO o.a.j.p.h.p.Proxy: [49997]  KeyStore for SSL loaded OK and put host 'api.searchbooster.net' in map with key (api.searchbooster.net)
2025-05-20 16:20:03,268 INFO o.a.j.p.h.p.Proxy: [50209]  KeyStore for SSL loaded OK and put host 'mtalk.google.com' in map with key (mtalk.google.com)
2025-05-20 16:20:03,275 ERROR o.a.j.p.h.p.Proxy: [50209]  Not implemented (probably used https)
java.lang.IllegalArgumentException: Only ASCII supported in headers (perhaps SSL was used?)
	at org.apache.jmeter.protocol.http.proxy.HttpRequestHdr.parse(HttpRequestHdr.java:161) ~[ApacheJMeter_http.jar:5.6.3]
	at org.apache.jmeter.protocol.http.proxy.Proxy.run(Proxy.java:214) [ApacheJMeter_http.jar:5.6.3]
2025-05-20 16:20:03,278 WARN o.a.j.p.h.p.Proxy: [50209]  Exception while writing error
java.net.SocketException: Программа на вашем хост-компьютере разорвала установленное подключение
	at java.base/sun.nio.ch.SocketDispatcher.write0(Native Method) ~[?:?]
	at java.base/sun.nio.ch.SocketDispatcher.write(SocketDispatcher.java:54) ~[?:?]
	at java.base/sun.nio.ch.NioSocketImpl.tryWrite(NioSocketImpl.java:394) ~[?:?]
	at java.base/sun.nio.ch.NioSocketImpl.implWrite(NioSocketImpl.java:410) ~[?:?]
	at java.base/sun.nio.ch.NioSocketImpl.write(NioSocketImpl.java:440) ~[?:?]
	at java.base/sun.nio.ch.NioSocketImpl$2.write(NioSocketImpl.java:819) ~[?:?]
	at java.base/java.net.Socket$SocketOutputStream.write(Socket.java:1195) ~[?:?]
	at java.base/sun.security.ssl.SSLSocketOutputRecord.deliver(SSLSocketOutputRecord.java:345) ~[?:?]
	at java.base/sun.security.ssl.SSLSocketImpl$AppOutputStream.write(SSLSocketImpl.java:1304) ~[?:?]
	at java.base/sun.security.ssl.SSLSocketImpl$AppOutputStream.write(SSLSocketImpl.java:1263) ~[?:?]
	at java.base/java.io.DataOutputStream.writeBytes(DataOutputStream.java:277) ~[?:?]
	at org.apache.jmeter.protocol.http.proxy.Proxy.writeErrorToClient(Proxy.java:592) [ApacheJMeter_http.jar:5.6.3]
	at org.apache.jmeter.protocol.http.proxy.Proxy.run(Proxy.java:268) [ApacheJMeter_http.jar:5.6.3]
2025-05-20 16:20:03,854 INFO o.a.j.p.h.p.ProxyControl: [50243]  Creating entry accounts.google.com in C:\Users\Frostyvis\Desktop\LoadTesting\apache-jmeter-5.6.3\apache-jmeter-5.6.3\bin\proxyserver.jks
2025-05-20 16:20:06,198 INFO o.a.j.p.h.p.Proxy: [50243]  KeyStore for SSL loaded OK and put host 'accounts.google.com' in map with key (accounts.google.com)
2025-05-20 16:20:25,628 INFO o.a.j.p.h.p.ProxyControl: [50249]  Creating entry www.google.com in C:\Users\Frostyvis\Desktop\LoadTesting\apache-jmeter-5.6.3\apache-jmeter-5.6.3\bin\proxyserver.jks
2025-05-20 16:20:27,601 INFO o.a.j.p.h.p.Proxy: [50249]  KeyStore for SSL loaded OK and put host 'www.google.com' in map with key (www.google.com)
2025-05-20 16:20:42,406 INFO o.a.j.p.h.p.ProxyControl: Add sample OpenModems/webvisor/26851668?wv-part=2&wv-type=7&wmode=0&wv-hit=249275721&page-url=https%3A%2F%2Fmoscow.shop.megafon.ru%2Fmodems_routers&rn=160280834&browser-info=bt%3A1%3Awe%3A1%3Aet%3A1747743592%3Aw%3A1905x901%3Av%3A2040%3Az%3A240%3Ai%3A20250520161952%3Au%3A1739911235253772217%3Avf%3A91r6djxnfagi0ac8j9552ae0fuu7%3Ast%3A1747743592&t=gdpr(14)ti(1)-89 into controller OpenModems
2025-05-20 16:20:42,980 INFO o.a.j.p.h.p.ProxyControl: Add sample OpenModems/images/goods/img/productCard/assets/filter.svg-90 into controller OpenModems
2025-05-20 16:20:42,985 INFO o.a.j.p.h.p.ProxyControl: Add sample OpenModems/images/goods/img/productCard/assets/updown.svg-91 into controller OpenModems
2025-05-20 16:20:42,989 INFO o.a.j.p.h.p.ProxyControl: Add sample OpenModems/images/200/goods/1885/188536_original_front.png-94 into controller OpenModems
2025-05-20 16:20:42,992 INFO o.a.j.p.h.p.ProxyControl: Add sample OpenModems/images/200/goods/1753/175321_original_front.png-93 into controller OpenModems
2025-05-20 16:20:42,995 INFO o.a.j.p.h.p.ProxyControl: Add sample OpenModems/images/200/goods/1430/143072_original_front.png-92 into controller OpenModems
2025-05-20 16:20:42,998 INFO o.a.j.p.h.p.ProxyControl: Add sample OpenModems/images/200/goods/1753/175320_original_front.png-95 into controller OpenModems
2025-05-20 16:20:43,001 INFO o.a.j.p.h.p.ProxyControl: Add sample OpenModems/images/200/goods/1828/182807_original_front.png-96 into controller OpenModems
2025-05-20 16:20:43,004 INFO o.a.j.p.h.p.ProxyControl: Add sample OpenModems/c2dm/register3-86 into controller OpenModems
2025-05-20 16:20:43,007 INFO o.a.j.p.h.p.ProxyControl: Add sample OpenModems/webvisor/26851668?wv-part=3&wv-type=7&wmode=0&wv-hit=249275721&page-url=https%3A%2F%2Fmoscow.shop.megafon.ru%2Fmodems_routers&rn=646585467&browser-info=bt%3A1%3Awe%3A1%3Aet%3A1747743594%3Aw%3A1905x901%3Av%3A2040%3Az%3A240%3Ai%3A20250520161953%3Au%3A1739911235253772217%3Avf%3A91r6djxnfagi0ac8j9552ae0fuu7%3Ast%3A1747743594&t=gdpr(14)ti(1)-98 into controller OpenModems
2025-05-20 16:20:43,014 INFO o.a.j.p.h.p.ProxyControl: Add sample OpenModems/webvisor/26851668?wv-part=1&wv-type=7&wmode=0&wv-hit=249275721&page-url=https%3A%2F%2Fmoscow.shop.megafon.ru%2Fmodems_routers&rn=726672398&browser-info=we%3A1%3Aet%3A1747743593%3Aw%3A1905x901%3Av%3A2040%3Az%3A240%3Ai%3A20250520161953%3Au%3A1739911235253772217%3Avf%3A91r6djxnfagi0ac8j9552ae0fuu7%3Ast%3A1747743593&t=gdpr(14)ti(1)-97 into controller OpenModems
2025-05-20 16:20:43,019 INFO o.a.j.p.h.p.ProxyControl: Add sample OpenModems/eshop/checkout/v2/order/info-103 into controller OpenModems
2025-05-20 16:20:43,022 INFO o.a.j.p.h.p.ProxyControl: Add sample OpenModems/images/200/goods/1514/151462_original_front.png-100 into controller OpenModems
2025-05-20 16:20:43,026 INFO o.a.j.p.h.p.ProxyControl: Add sample OpenModems/cms-public/about-info/3-102 into controller OpenModems
2025-05-20 16:20:43,029 INFO o.a.j.p.h.p.ProxyControl: Add sample OpenModems/catalog/v1/showcases/1/branches/3/tariffs-101 into controller OpenModems
2025-05-20 16:20:43,033 INFO o.a.j.p.h.p.ProxyControl: Add sample OpenModems/cms-public/about-info/3-105 into controller OpenModems
2025-05-20 16:20:43,036 INFO o.a.j.p.h.p.ProxyControl: Add sample OpenModems/catalog/v1/showcases/1/branches/3/tariffs-106 into controller OpenModems
2025-05-20 16:20:43,040 INFO o.a.j.p.h.p.ProxyControl: Add sample OpenModems/watch/26851668?page-url=https%3A%2F%2Fmoscow.shop.megafon.ru%2Fmodems_routers&exp=wSIKtymTfos%2C&charset=utf-8&uah=chu%0A%22Chromium%22%3Bv%3D%22136%22%2C%22Google%20Chrome%22%3Bv%3D%22136%22%2C%22Not.A%2FBrand%22%3Bv%3D%2299%22%0Acha%0Ax86%0Achb%0A64%0Achf%0A136.0.7103.114%0Achl%0A%22Chromium%22%3Bv%3D%22136.0.7103.114%22%2C%22Google%20Chrome%22%3Bv%3D%22136.0.7103.114%22%2C%22Not.A%2FBrand%22%3Bv%3D%2299.0.0.0%22%0Achm%0A%3F0%0Achp%0AWindows%0Achv%0A10.0.0&hittoken=1747743589_4ace16351396860de5024b3a8f5be18a4e23e7014b503204efae972a9967bb47&browser-info=ex%3A1%3Aar%3A1%3Avf%3A91r6djxnfagi0ac8j9552ae0fuu7%3Afu%3A1%3Aen%3Autf-8%3Ala%3Aru-RU%3Av%3A2040%3Acn%3A2%3Adp%3A1%3Als%3A564912873122%3Ahid%3A249275721%3Az%3A240%3Ai%3A20250520161955%3Aet%3A1747743595%3Ac%3A1%3Arn%3A656729371%3Arqn%3A1987%3Au%3A1739911235253772217%3Aw%3A1905x901%3As%3A1920x1080x24%3Ask%3A1%3Awv%3A2%3Aco%3A0%3Acpf%3A1%3Aeu%3A0%3Ans%3A1747743585276%3Aadb%3A2%3App%3A3629563401%3Arqnl%3A1%3Ast%3A1747743595%3At%3A%D0%9C%D0%BE%D0%B4%D0%B5%D0%BC%D1%8B%20%D0%B8%20%D1%80%D0%BE%D1%83%D1%82%D0%B5%D1%80%D1%8B%20-%20%D0%BA%D1%83%D0%BF%D0%B8%D1%82%D1%8C%20%D0%BF%D0%BE%20%D0%B2%D1%8B%D0%B3%D0%BE%D0%B4%D0%BD%D0%BE%D0%B9%20%D1%86%D0%B5%D0%BD%D0%B5%20%D0%B2%20%D0%B8%D0%BD%D1%82%D0%B5%D1%80%D0%BD%D0%B5%D1%82-%D0%BC%D0%B0%D0%B3%D0%B0%D0%B7%D0%B8%D0%BD%D0%B5%20%D0%9C%D0%B5%D0%B3%D0%B0%D0%A4%D0%BE%D0%BD%D0%B0%20%D0%B2%20%D0%9C%D0%BE%D1%81%D0%BA%D0%B2%D0%B5&t=gdpr(14)mc(ex-1)clc(0-0-0)rqnt(3)aw(1)rcm(0)ecs(0)cdl(na)eco(42542596)dss(1)oms(0)ti(0)&force-urlencoded=1-108 into controller OpenModems
2025-05-20 16:20:43,044 INFO o.a.j.p.h.p.ProxyControl: Add sample OpenModems/watch/26851668?page-url=https%3A%2F%2Fmoscow.shop.megafon.ru%2Fmodems_routers&exp=wSIKtymTfos%2C&charset=utf-8&uah=chu%0A%22Chromium%22%3Bv%3D%22136%22%2C%22Google%20Chrome%22%3Bv%3D%22136%22%2C%22Not.A%2FBrand%22%3Bv%3D%2299%22%0Acha%0Ax86%0Achb%0A64%0Achf%0A136.0.7103.114%0Achl%0A%22Chromium%22%3Bv%3D%22136.0.7103.114%22%2C%22Google%20Chrome%22%3Bv%3D%22136.0.7103.114%22%2C%22Not.A%2FBrand%22%3Bv%3D%2299.0.0.0%22%0Achm%0A%3F0%0Achp%0AWindows%0Achv%0A10.0.0&hittoken=1747743589_4ace16351396860de5024b3a8f5be18a4e23e7014b503204efae972a9967bb47&browser-info=ex%3A1%3Aar%3A1%3Avf%3A91r6djxnfagi0ac8j9552ae0fuu7%3Afu%3A1%3Aen%3Autf-8%3Ala%3Aru-RU%3Av%3A2040%3Acn%3A2%3Adp%3A1%3Als%3A564912873122%3Ahid%3A249275721%3Az%3A240%3Ai%3A20250520161955%3Aet%3A1747743595%3Ac%3A1%3Arn%3A235204051%3Arqn%3A1986%3Au%3A1739911235253772217%3Aw%3A1905x901%3As%3A1920x1080x24%3Ask%3A1%3Awv%3A2%3Ads%3A%2C%2C%2C%2C%2C%2C%2C%2C%2C9492%2C9492%2C0%2C%3Aco%3A0%3Acpf%3A1%3Aeu%3A0%3Ans%3A1747743585276%3Aadb%3A2%3App%3A3629563401%3Arqnl%3A1%3Ast%3A1747743595%3At%3A%D0%9C%D0%BE%D0%B4%D0%B5%D0%BC%D1%8B%20%D0%B8%20%D1%80%D0%BE%D1%83%D1%82%D0%B5%D1%80%D1%8B%20-%20%D0%BA%D1%83%D0%BF%D0%B8%D1%82%D1%8C%20%D0%BF%D0%BE%20%D0%B2%D1%8B%D0%B3%D0%BE%D0%B4%D0%BD%D0%BE%D0%B9%20%D1%86%D0%B5%D0%BD%D0%B5%20%D0%B2%20%D0%B8%D0%BD%D1%82%D0%B5%D1%80%D0%BD%D0%B5%D1%82-%D0%BC%D0%B0%D0%B3%D0%B0%D0%B7%D0%B8%D0%BD%D0%B5%20%D0%9C%D0%B5%D0%B3%D0%B0%D0%A4%D0%BE%D0%BD%D0%B0%20%D0%B2%20%D0%9C%D0%BE%D1%81%D0%BA%D0%B2%D0%B5&t=gdpr(14)clc(0-0-0)rqnt(2)aw(1)rcm(0)ecs(0)cdl(na)eco(42542596)dss(1)oms(0)ti(0)&force-urlencoded=1-107 into controller OpenModems
2025-05-20 16:20:43,049 INFO o.a.j.p.h.p.ProxyControl: Add sample OpenModems/webvisor/26851668?wv-part=2&wv-type=7&wmode=0&wv-hit=249275721&page-url=https%3A%2F%2Fmoscow.shop.megafon.ru%2Fmodems_routers&rn=349629356&browser-info=we%3A1%3Aet%3A1747743595%3Aw%3A1905x901%3Av%3A2040%3Az%3A240%3Ai%3A20250520161955%3Au%3A1739911235253772217%3Avf%3A91r6djxnfagi0ac8j9552ae0fuu7%3Ast%3A1747743595&t=gdpr(14)ti(1)-109 into controller OpenModems
2025-05-20 16:20:43,053 INFO o.a.j.p.h.p.ProxyControl: Add sample OpenModems/c2dm/register3-99 into controller OpenModems
2025-05-20 16:20:43,057 INFO o.a.j.p.h.p.ProxyControl: Add sample OpenModems/webvisor/26851668?wv-part=4&wv-type=7&wmode=0&wv-hit=249275721&page-url=https%3A%2F%2Fmoscow.shop.megafon.ru%2Fmodems_routers&rn=155910212&browser-info=bt%3A1%3Awe%3A1%3Aet%3A1747743596%3Aw%3A1905x901%3Av%3A2040%3Az%3A240%3Ai%3A20250520161955%3Au%3A1739911235253772217%3Avf%3A91r6djxnfagi0ac8j9552ae0fuu7%3Ast%3A1747743596&t=gdpr(14)ti(1)-110 into controller OpenModems
2025-05-20 16:20:43,065 INFO o.a.j.p.h.p.ProxyControl: Add sample OpenModems/eshop/checkout/v2/order/info-104 into controller OpenModems
2025-05-20 16:20:43,068 INFO o.a.j.p.h.p.ProxyControl: Add sample OpenModems/v1/exps/-111 into controller OpenModems
2025-05-20 16:20:43,072 INFO o.a.j.p.h.p.ProxyControl: Add sample OpenModems/watch/26851668?page-url=https%3A%2F%2Fmoscow.shop.megafon.ru%2Fmodems_routers&exp=HDNDJGJno3rmHI94_AWL_81BKH7vHOrd&charset=utf-8&uah=chu%0A%22Chromium%22%3Bv%3D%22136%22%2C%22Google%20Chrome%22%3Bv%3D%22136%22%2C%22Not.A%2FBrand%22%3Bv%3D%2299%22%0Acha%0Ax86%0Achb%0A64%0Achf%0A136.0.7103.114%0Achl%0A%22Chromium%22%3Bv%3D%22136.0.7103.114%22%2C%22Google%20Chrome%22%3Bv%3D%22136.0.7103.114%22%2C%22Not.A%2FBrand%22%3Bv%3D%2299.0.0.0%22%0Achm%0A%3F0%0Achp%0AWindows%0Achv%0A10.0.0&hittoken=1747743589_4ace16351396860de5024b3a8f5be18a4e23e7014b503204efae972a9967bb47&browser-info=ex%3A1%3Aar%3A1%3Avf%3A91r6djxnfagi0ac8j9552ae0fuu7%3Afu%3A1%3Aen%3Autf-8%3Ala%3Aru-RU%3Av%3A2040%3Acn%3A2%3Adp%3A1%3Als%3A564912873122%3Ahid%3A249275721%3Az%3A240%3Ai%3A20250520161956%3Aet%3A1747743597%3Ac%3A1%3Arn%3A146289906%3Arqn%3A1989%3Au%3A1739911235253772217%3Aw%3A1905x901%3As%3A1920x1080x24%3Ask%3A1%3Awv%3A2%3Aco%3A0%3Acpf%3A1%3Aeu%3A0%3Ans%3A1747743585276%3Aadb%3A2%3App%3A3629563401%3Arqnl%3A1%3Ast%3A1747743597%3At%3A%D0%9C%D0%BE%D0%B4%D0%B5%D0%BC%D1%8B%20%D0%B8%20%D1%80%D0%BE%D1%83%D1%82%D0%B5%D1%80%D1%8B%20-%20%D0%BA%D1%83%D0%BF%D0%B8%D1%82%D1%8C%20%D0%BF%D0%BE%20%D0%B2%D1%8B%D0%B3%D0%BE%D0%B4%D0%BD%D0%BE%D0%B9%20%D1%86%D0%B5%D0%BD%D0%B5%20%D0%B2%20%D0%B8%D0%BD%D1%82%D0%B5%D1%80%D0%BD%D0%B5%D1%82-%D0%BC%D0%B0%D0%B3%D0%B0%D0%B7%D0%B8%D0%BD%D0%B5%20%D0%9C%D0%B5%D0%B3%D0%B0%D0%A4%D0%BE%D0%BD%D0%B0%20%D0%B2%20%D0%9C%D0%BE%D1%81%D0%BA%D0%B2%D0%B5&t=gdpr(14)mc(ex-3)clc(0-0-0)rqnt(5)aw(1)rcm(0)ecs(0)cdl(na)eco(42542596)dss(1)oms(0)ti(0)&force-urlencoded=1-113 into controller OpenModems
2025-05-20 16:20:43,077 INFO o.a.j.p.h.p.ProxyControl: Add sample OpenModems/watch/26851668?page-url=https%3A%2F%2Fmoscow.shop.megafon.ru%2Fmodems_routers&exp=HDNDJGJno3rmHI94_AWL_81BKH7vHOrd&charset=utf-8&uah=chu%0A%22Chromium%22%3Bv%3D%22136%22%2C%22Google%20Chrome%22%3Bv%3D%22136%22%2C%22Not.A%2FBrand%22%3Bv%3D%2299%22%0Acha%0Ax86%0Achb%0A64%0Achf%0A136.0.7103.114%0Achl%0A%22Chromium%22%3Bv%3D%22136.0.7103.114%22%2C%22Google%20Chrome%22%3Bv%3D%22136.0.7103.114%22%2C%22Not.A%2FBrand%22%3Bv%3D%2299.0.0.0%22%0Achm%0A%3F0%0Achp%0AWindows%0Achv%0A10.0.0&hittoken=1747743589_4ace16351396860de5024b3a8f5be18a4e23e7014b503204efae972a9967bb47&browser-info=ex%3A1%3Aar%3A1%3Avf%3A91r6djxnfagi0ac8j9552ae0fuu7%3Afu%3A1%3Aen%3Autf-8%3Ala%3Aru-RU%3Av%3A2040%3Acn%3A2%3Adp%3A1%3Als%3A564912873122%3Ahid%3A249275721%3Az%3A240%3Ai%3A20250520161956%3Aet%3A1747743597%3Ac%3A1%3Arn%3A692635525%3Arqn%3A1988%3Au%3A1739911235253772217%3Aw%3A1905x901%3As%3A1920x1080x24%3Ask%3A1%3Awv%3A2%3Aco%3A0%3Acpf%3A1%3Aeu%3A0%3Ans%3A1747743585276%3Aadb%3A2%3App%3A3629563401%3Arqnl%3A1%3Ast%3A1747743597%3At%3A%D0%9C%D0%BE%D0%B4%D0%B5%D0%BC%D1%8B%20%D0%B8%20%D1%80%D0%BE%D1%83%D1%82%D0%B5%D1%80%D1%8B%20-%20%D0%BA%D1%83%D0%BF%D0%B8%D1%82%D1%8C%20%D0%BF%D0%BE%20%D0%B2%D1%8B%D0%B3%D0%BE%D0%B4%D0%BD%D0%BE%D0%B9%20%D1%86%D0%B5%D0%BD%D0%B5%20%D0%B2%20%D0%B8%D0%BD%D1%82%D0%B5%D1%80%D0%BD%D0%B5%D1%82-%D0%BC%D0%B0%D0%B3%D0%B0%D0%B7%D0%B8%D0%BD%D0%B5%20%D0%9C%D0%B5%D0%B3%D0%B0%D0%A4%D0%BE%D0%BD%D0%B0%20%D0%B2%20%D0%9C%D0%BE%D1%81%D0%BA%D0%B2%D0%B5&t=gdpr(14)mc(ex-2)clc(0-0-0)rqnt(4)aw(1)rcm(0)ecs(0)cdl(na)eco(42542596)dss(1)oms(0)ti(0)&force-urlencoded=1-112 into controller OpenModems
2025-05-20 16:20:43,097 INFO o.a.j.p.h.p.ProxyControl: Add sample OpenModems/webvisor/26851668?wv-part=5&wv-type=7&wmode=0&wv-hit=249275721&page-url=https%3A%2F%2Fmoscow.shop.megafon.ru%2Fmodems_routers&rn=154141188&browser-info=bt%3A1%3Awe%3A1%3Aet%3A1747743598%3Aw%3A1905x901%3Av%3A2040%3Az%3A240%3Ai%3A20250520161958%3Au%3A1739911235253772217%3Avf%3A91r6djxnfagi0ac8j9552ae0fuu7%3Ast%3A1747743598&t=gdpr(14)ti(1)-114 into controller OpenModems
2025-05-20 16:20:43,203 INFO o.a.j.p.h.p.ProxyControl: Add sample OpenModems/api/721494fa-77a4-415f-affa-e6d2f77305e6/popular-115 into controller OpenModems
2025-05-20 16:20:43,208 INFO o.a.j.p.h.p.ProxyControl: Add sample OpenModems/ListAccounts?gpsia=1&source=ChromiumBrowser&json=standard-116 into controller OpenModems
2025-05-20 16:20:43,213 INFO o.a.j.p.h.p.ProxyControl: Add sample OpenModems/webvisor/26851668?wv-part=1&wv-check=50585&wv-type=0&wmode=0&wv-hit=249275721&page-url=https%3A%2F%2Fmoscow.shop.megafon.ru%2Fmodems_routers&rn=541508524&browser-info=we%3A1%3Aet%3A1747743621%3Aw%3A1905x901%3Av%3A2040%3Az%3A240%3Ai%3A20250520162021%3Au%3A1739911235253772217%3Avf%3A91r6djxnfagi0ac8j9552ae0fuu7%3Ast%3A1747743621&t=gdpr(14)ti(1)-117 into controller OpenModems
2025-05-20 16:20:43,218 INFO o.a.j.p.h.p.ProxyControl: Add sample OpenModems/c2dm/register3-118 into controller OpenModems
2025-05-20 16:20:43,366 INFO o.a.j.p.h.p.Daemon: HTTP(S) Test Script Recorder stopped
2025-05-20 16:20:45,688 WARN o.a.j.p.h.p.Proxy: [49976]  Empty response to http over SSL. Probably waiting for user to authorize the certificate for web-static.mindbox.ru:443
2025-05-20 16:20:45,688 WARN o.a.j.p.h.p.Proxy: [49975]  Empty response to http over SSL. Probably waiting for user to authorize the certificate for cdn2.searchbooster.net:443
2025-05-20 16:20:51,106 WARN o.a.j.p.h.p.Proxy: [50060]  Empty response to http over SSL. Probably waiting for user to authorize the certificate for cdn.searchbooster.io:443
2025-05-20 16:20:51,106 WARN o.a.j.p.h.p.Proxy: [49998]  Empty response to http over SSL. Probably waiting for user to authorize the certificate for cdn2.searchbooster.net:443
2025-05-20 16:21:25,687 WARN o.a.j.p.h.p.Proxy: [49999]  Empty response to http over SSL. Probably waiting for user to authorize the certificate for api4.searchbooster.io:443
2025-05-20 16:22:11,132 WARN o.a.j.p.h.p.Proxy: [50249]  Empty response to http over SSL. Probably waiting for user to authorize the certificate for www.google.com:443
2025-05-20 16:39:52,134 INFO o.a.j.p.h.p.ProxyControl: Valid alias found for :root_ca:
2025-05-20 16:39:52,134 INFO o.a.j.p.h.p.ProxyControl: Valid alias found for :intermediate_ca:
2025-05-20 16:39:52,134 INFO o.a.j.p.h.p.Daemon: Creating Daemon Socket on port: 8888
2025-05-20 16:39:52,135 INFO o.a.j.p.h.p.Daemon: Test Script Recorder up and running!
2025-05-20 16:39:52,755 INFO o.a.j.p.h.p.ProxyControl: Add sample OpenModems/webvisor/26851668?wv-part=10&wv-type=7&wmode=0&wv-hit=249275721&page-url=https%3A%2F%2Fmoscow.shop.megafon.ru%2Fmodems_routers&rn=425857107&browser-info=bt%3A1%3Awe%3A1%3Aet%3A1747744789%3Aw%3A1905x901%3Av%3A2040%3Az%3A240%3Ai%3A20250520163948%3Au%3A1739911235253772217%3Avf%3A91r6djxnfagi0ac8j9552ae0fuu7%3Ast%3A1747744791&t=gdpr(14)ti(2)-119 into controller OpenModems
2025-05-20 16:39:52,765 INFO o.a.j.p.h.p.ProxyControl: Add sample OpenModems/webvisor/26851668?wv-part=14&wv-type=7&wmode=0&wv-hit=249275721&page-url=https%3A%2F%2Fmoscow.shop.megafon.ru%2Fmodems_routers&rn=336027023&browser-info=we%3A1%3Aet%3A1747744790%3Aw%3A1905x901%3Av%3A2040%3Az%3A240%3Ai%3A20250520163950%3Au%3A1739911235253772217%3Avf%3A91r6djxnfagi0ac8j9552ae0fuu7%3Ast%3A1747744791&t=gdpr(14)ti(2)-120 into controller OpenModems
2025-05-20 16:39:52,770 INFO o.a.j.p.h.p.ProxyControl: Add sample OpenModems/webvisor/26851668?wv-part=11&wv-type=7&wmode=0&wv-hit=249275721&page-url=https%3A%2F%2Fmoscow.shop.megafon.ru%2Fmodems_routers&rn=751699606&browser-info=bt%3A1%3Awe%3A1%3Aet%3A1747744791%3Aw%3A1905x901%3Av%3A2040%3Az%3A240%3Ai%3A20250520163950%3Au%3A1739911235253772217%3Avf%3A91r6djxnfagi0ac8j9552ae0fuu7%3Ast%3A1747744791&t=gdpr(14)ti(2)-121 into controller OpenModems
2025-05-20 16:39:52,773 INFO o.a.j.p.h.p.ProxyControl: Add sample OpenModems/webvisor/26851668?wv-part=15&wv-type=7&wmode=0&wv-hit=249275721&page-url=https%3A%2F%2Fmoscow.shop.megafon.ru%2Fmodems_routers&rn=685214004&browser-info=we%3A1%3Aet%3A1747744792%3Aw%3A1905x901%3Av%3A2040%3Az%3A240%3Ai%3A20250520163952%3Au%3A1739911235253772217%3Avf%3A91r6djxnfagi0ac8j9552ae0fuu7%3Ast%3A1747744792&t=gdpr(14)ti(1)-122 into controller OpenModems
2025-05-20 16:39:52,775 INFO o.a.j.p.h.p.ProxyControl: Add sample OpenModems/clmap/26851668-124 into controller OpenModems
2025-05-20 16:39:52,777 INFO o.a.j.p.h.p.ProxyControl: Add sample OpenModems/clmap/26851704-123 into controller OpenModems
2025-05-20 16:39:52,779 INFO o.a.j.p.h.p.ProxyControl: Add sample OpenModems/watch/26851668?page-url=https%3A%2F%2Fmoscow.shop.megafon.ru%2Fmodems_routers&exp=HDNDJGJno3rmHI94_AWL_81BKH7vHOrd&charset=utf-8&uah=chu%0A%22Chromium%22%3Bv%3D%22136%22%2C%22Google%20Chrome%22%3Bv%3D%22136%22%2C%22Not.A%2FBrand%22%3Bv%3D%2299%22%0Acha%0Ax86%0Achb%0A64%0Achf%0A136.0.7103.114%0Achl%0A%22Chromium%22%3Bv%3D%22136.0.7103.114%22%2C%22Google%20Chrome%22%3Bv%3D%22136.0.7103.114%22%2C%22Not.A%2FBrand%22%3Bv%3D%2299.0.0.0%22%0Achm%0A%3F0%0Achp%0AWindows%0Achv%0A10.0.0&hittoken=1747743589_4ace16351396860de5024b3a8f5be18a4e23e7014b503204efae972a9967bb47&browser-info=ex%3A1%3Aar%3A1%3Avf%3A91r6djxnfagi0ac8j9552ae0fuu7%3Afu%3A1%3Aen%3Autf-8%3Ala%3Aru-RU%3Av%3A2040%3Acn%3A2%3Adp%3A1%3Als%3A564912873122%3Ahid%3A249275721%3Az%3A240%3Ai%3A20250520163946%3Aet%3A1747744787%3Ac%3A1%3Arn%3A985235997%3Arqn%3A1990%3Au%3A1739911235253772217%3Aw%3A1905x901%3As%3A1920x1080x24%3Ask%3A1%3Awv%3A2%3Aco%3A0%3Acpf%3A1%3Aeu%3A0%3Ans%3A1747743585276%3Aadb%3A2%3App%3A3629563401%3Arqnl%3A1%3Ast%3A1747744787%3At%3A%D0%9C%D0%BE%D0%B4%D0%B5%D0%BC%D1%8B%20%D0%B8%20%D1%80%D0%BE%D1%83%D1%82%D0%B5%D1%80%D1%8B%20-%20%D0%BA%D1%83%D0%BF%D0%B8%D1%82%D1%8C%20%D0%BF%D0%BE%20%D0%B2%D1%8B%D0%B3%D0%BE%D0%B4%D0%BD%D0%BE%D0%B9%20%D1%86%D0%B5%D0%BD%D0%B5%20%D0%B2%20%D0%B8%D0%BD%D1%82%D0%B5%D1%80%D0%BD%D0%B5%D1%82-%D0%BC%D0%B0%D0%B3%D0%B0%D0%B7%D0%B8%D0%BD%D0%B5%20%D0%9C%D0%B5%D0%B3%D0%B0%D0%A4%D0%BE%D0%BD%D0%B0%20%D0%B2%20%D0%9C%D0%BE%D1%81%D0%BA%D0%B2%D0%B5&t=gdpr(14)mc(ex-4)clc(2-322-563)rqnt(6)aw(1)rcm(0)ecs(0)cdl(na)eco(42542596)dss(1)oms(0)ti(0)&force-urlencoded=1-125 into controller OpenModems
2025-05-20 16:39:52,782 INFO o.a.j.p.h.p.ProxyControl: Add sample OpenModems/watch/26851668?page-url=https%3A%2F%2Fmoscow.shop.megafon.ru%2Fmodems_routers&exp=HDNDJGJno3rmHI94_AWL_81BKH7vHOrd&charset=utf-8&uah=chu%0A%22Chromium%22%3Bv%3D%22136%22%2C%22Google%20Chrome%22%3Bv%3D%22136%22%2C%22Not.A%2FBrand%22%3Bv%3D%2299%22%0Acha%0Ax86%0Achb%0A64%0Achf%0A136.0.7103.114%0Achl%0A%22Chromium%22%3Bv%3D%22136.0.7103.114%22%2C%22Google%20Chrome%22%3Bv%3D%22136.0.7103.114%22%2C%22Not.A%2FBrand%22%3Bv%3D%2299.0.0.0%22%0Achm%0A%3F0%0Achp%0AWindows%0Achv%0A10.0.0&hittoken=1747743589_4ace16351396860de5024b3a8f5be18a4e23e7014b503204efae972a9967bb47&browser-info=ex%3A1%3Aar%3A1%3Avf%3A91r6djxnfagi0ac8j9552ae0fuu7%3Afu%3A1%3Aen%3Autf-8%3Ala%3Aru-RU%3Av%3A2040%3Acn%3A2%3Adp%3A1%3Als%3A564912873122%3Ahid%3A249275721%3Az%3A240%3Ai%3A20250520163946%3Aet%3A1747744787%3Ac%3A1%3Arn%3A149664967%3Arqn%3A1991%3Au%3A1739911235253772217%3Aw%3A1905x901%3As%3A1920x1080x24%3Ask%3A1%3Awv%3A2%3Aco%3A0%3Acpf%3A1%3Aeu%3A0%3Ans%3A1747743585276%3Aadb%3A2%3App%3A3629563401%3Arqnl%3A1%3Ast%3A1747744787%3At%3A%D0%9C%D0%BE%D0%B4%D0%B5%D0%BC%D1%8B%20%D0%B8%20%D1%80%D0%BE%D1%83%D1%82%D0%B5%D1%80%D1%8B%20-%20%D0%BA%D1%83%D0%BF%D0%B8%D1%82%D1%8C%20%D0%BF%D0%BE%20%D0%B2%D1%8B%D0%B3%D0%BE%D0%B4%D0%BD%D0%BE%D0%B9%20%D1%86%D0%B5%D0%BD%D0%B5%20%D0%B2%20%D0%B8%D0%BD%D1%82%D0%B5%D1%80%D0%BD%D0%B5%D1%82-%D0%BC%D0%B0%D0%B3%D0%B0%D0%B7%D0%B8%D0%BD%D0%B5%20%D0%9C%D0%B5%D0%B3%D0%B0%D0%A4%D0%BE%D0%BD%D0%B0%20%D0%B2%20%D0%9C%D0%BE%D1%81%D0%BA%D0%B2%D0%B5&t=gdpr(14)mc(ex-5)clc(2-322-563)rqnt(7)aw(1)rcm(0)ecs(0)cdl(na)eco(42542596)dss(1)oms(0)ti(0)&force-urlencoded=1-126 into controller OpenModems
2025-05-20 16:39:52,822 INFO o.a.j.p.h.p.ProxyControl: Add sample OpenModems/watch/26851668?page-url=https%3A%2F%2Fmoscow.shop.megafon.ru%2Fmodems_routers&exp=HDNDJGJno3rmHI94_AWL_81BKH7vHOrd&charset=utf-8&uah=chu%0A%22Chromium%22%3Bv%3D%22136%22%2C%22Google%20Chrome%22%3Bv%3D%22136%22%2C%22Not.A%2FBrand%22%3Bv%3D%2299%22%0Acha%0Ax86%0Achb%0A64%0Achf%0A136.0.7103.114%0Achl%0A%22Chromium%22%3Bv%3D%22136.0.7103.114%22%2C%22Google%20Chrome%22%3Bv%3D%22136.0.7103.114%22%2C%22Not.A%2FBrand%22%3Bv%3D%2299.0.0.0%22%0Achm%0A%3F0%0Achp%0AWindows%0Achv%0A10.0.0&hittoken=1747743589_4ace16351396860de5024b3a8f5be18a4e23e7014b503204efae972a9967bb47&browser-info=ex%3A1%3Aar%3A1%3Avf%3A91r6djxnfagi0ac8j9552ae0fuu7%3Afu%3A1%3Aen%3Autf-8%3Ala%3Aru-RU%3Av%3A2040%3Acn%3A2%3Adp%3A1%3Als%3A564912873122%3Ahid%3A249275721%3Az%3A240%3Ai%3A20250520163946%3Aet%3A1747744787%3Ac%3A1%3Arn%3A670871384%3Arqn%3A1993%3Au%3A1739911235253772217%3Aw%3A1905x901%3As%3A1920x1080x24%3Ask%3A1%3Awv%3A2%3Aco%3A0%3Acpf%3A1%3Aeu%3A0%3Ans%3A1747743585276%3Aadb%3A2%3App%3A3629563401%3Arqnl%3A1%3Ast%3A1747744787%3At%3A%D0%9C%D0%BE%D0%B4%D0%B5%D0%BC%D1%8B%20%D0%B8%20%D1%80%D0%BE%D1%83%D1%82%D0%B5%D1%80%D1%8B%20-%20%D0%BA%D1%83%D0%BF%D0%B8%D1%82%D1%8C%20%D0%BF%D0%BE%20%D0%B2%D1%8B%D0%B3%D0%BE%D0%B4%D0%BD%D0%BE%D0%B9%20%D1%86%D0%B5%D0%BD%D0%B5%20%D0%B2%20%D0%B8%D0%BD%D1%82%D0%B5%D1%80%D0%BD%D0%B5%D1%82-%D0%BC%D0%B0%D0%B3%D0%B0%D0%B7%D0%B8%D0%BD%D0%B5%20%D0%9C%D0%B5%D0%B3%D0%B0%D0%A4%D0%BE%D0%BD%D0%B0%20%D0%B2%20%D0%9C%D0%BE%D1%81%D0%BA%D0%B2%D0%B5&t=gdpr(14)mc(ex-7)clc(2-322-563)rqnt(9)aw(1)rcm(0)ecs(0)cdl(na)eco(42542596)dss(1)oms(0)ti(0)&force-urlencoded=1-128 into controller OpenModems
2025-05-20 16:39:52,826 INFO o.a.j.p.h.p.ProxyControl: Add sample OpenModems/watch/26851668?page-url=https%3A%2F%2Fmoscow.shop.megafon.ru%2Fmodems_routers&exp=HDNDJGJno3rmHI94_AWL_81BKH7vHOrd&charset=utf-8&uah=chu%0A%22Chromium%22%3Bv%3D%22136%22%2C%22Google%20Chrome%22%3Bv%3D%22136%22%2C%22Not.A%2FBrand%22%3Bv%3D%2299%22%0Acha%0Ax86%0Achb%0A64%0Achf%0A136.0.7103.114%0Achl%0A%22Chromium%22%3Bv%3D%22136.0.7103.114%22%2C%22Google%20Chrome%22%3Bv%3D%22136.0.7103.114%22%2C%22Not.A%2FBrand%22%3Bv%3D%2299.0.0.0%22%0Achm%0A%3F0%0Achp%0AWindows%0Achv%0A10.0.0&hittoken=1747743589_4ace16351396860de5024b3a8f5be18a4e23e7014b503204efae972a9967bb47&browser-info=ex%3A1%3Aar%3A1%3Avf%3A91r6djxnfagi0ac8j9552ae0fuu7%3Afu%3A1%3Aen%3Autf-8%3Ala%3Aru-RU%3Av%3A2040%3Acn%3A2%3Adp%3A1%3Als%3A564912873122%3Ahid%3A249275721%3Az%3A240%3Ai%3A20250520163946%3Aet%3A1747744787%3Ac%3A1%3Arn%3A862731708%3Arqn%3A1992%3Au%3A1739911235253772217%3Aw%3A1905x901%3As%3A1920x1080x24%3Ask%3A1%3Awv%3A2%3Aco%3A0%3Acpf%3A1%3Aeu%3A0%3Ans%3A1747743585276%3Aadb%3A2%3App%3A3629563401%3Arqnl%3A1%3Ast%3A1747744787%3At%3A%D0%9C%D0%BE%D0%B4%D0%B5%D0%BC%D1%8B%20%D0%B8%20%D1%80%D0%BE%D1%83%D1%82%D0%B5%D1%80%D1%8B%20-%20%D0%BA%D1%83%D0%BF%D0%B8%D1%82%D1%8C%20%D0%BF%D0%BE%20%D0%B2%D1%8B%D0%B3%D0%BE%D0%B4%D0%BD%D0%BE%D0%B9%20%D1%86%D0%B5%D0%BD%D0%B5%20%D0%B2%20%D0%B8%D0%BD%D1%82%D0%B5%D1%80%D0%BD%D0%B5%D1%82-%D0%BC%D0%B0%D0%B3%D0%B0%D0%B7%D0%B8%D0%BD%D0%B5%20%D0%9C%D0%B5%D0%B3%D0%B0%D0%A4%D0%BE%D0%BD%D0%B0%20%D0%B2%20%D0%9C%D0%BE%D1%81%D0%BA%D0%B2%D0%B5&t=gdpr(14)mc(ex-6)clc(2-322-563)rqnt(8)aw(1)rcm(0)ecs(0)cdl(na)eco(42542596)dss(1)oms(0)ti(0)&force-urlencoded=1-127 into controller OpenModems
2025-05-20 16:39:52,829 INFO o.a.j.p.h.p.ProxyControl: Add sample OpenModems/watch/26851668?page-url=https%3A%2F%2Fmoscow.shop.megafon.ru%2Fmodems_routers&exp=HDNDJGJno3rmHI94_AWL_81BKH7vHOrd&charset=utf-8&uah=chu%0A%22Chromium%22%3Bv%3D%22136%22%2C%22Google%20Chrome%22%3Bv%3D%22136%22%2C%22Not.A%2FBrand%22%3Bv%3D%2299%22%0Acha%0Ax86%0Achb%0A64%0Achf%0A136.0.7103.114%0Achl%0A%22Chromium%22%3Bv%3D%22136.0.7103.114%22%2C%22Google%20Chrome%22%3Bv%3D%22136.0.7103.114%22%2C%22Not.A%2FBrand%22%3Bv%3D%2299.0.0.0%22%0Achm%0A%3F0%0Achp%0AWindows%0Achv%0A10.0.0&hittoken=1747743589_4ace16351396860de5024b3a8f5be18a4e23e7014b503204efae972a9967bb47&browser-info=ex%3A1%3Aar%3A1%3Avf%3A91r6djxnfagi0ac8j9552ae0fuu7%3Afu%3A1%3Aen%3Autf-8%3Ala%3Aru-RU%3Av%3A2040%3Acn%3A2%3Adp%3A1%3Als%3A564912873122%3Ahid%3A249275721%3Az%3A240%3Ai%3A20250520163946%3Aet%3A1747744787%3Ac%3A1%3Arn%3A189008623%3Arqn%3A1994%3Au%3A1739911235253772217%3Aw%3A1905x901%3As%3A1920x1080x24%3Ask%3A1%3Awv%3A2%3Aco%3A0%3Acpf%3A1%3Aeu%3A0%3Ans%3A1747743585276%3Aadb%3A2%3App%3A3629563401%3Arqnl%3A1%3Ast%3A1747744787%3At%3A%D0%9C%D0%BE%D0%B4%D0%B5%D0%BC%D1%8B%20%D0%B8%20%D1%80%D0%BE%D1%83%D1%82%D0%B5%D1%80%D1%8B%20-%20%D0%BA%D1%83%D0%BF%D0%B8%D1%82%D1%8C%20%D0%BF%D0%BE%20%D0%B2%D1%8B%D0%B3%D0%BE%D0%B4%D0%BD%D0%BE%D0%B9%20%D1%86%D0%B5%D0%BD%D0%B5%20%D0%B2%20%D0%B8%D0%BD%D1%82%D0%B5%D1%80%D0%BD%D0%B5%D1%82-%D0%BC%D0%B0%D0%B3%D0%B0%D0%B7%D0%B8%D0%BD%D0%B5%20%D0%9C%D0%B5%D0%B3%D0%B0%D0%A4%D0%BE%D0%BD%D0%B0%20%D0%B2%20%D0%9C%D0%BE%D1%81%D0%BA%D0%B2%D0%B5&t=gdpr(14)mc(ex-8-p-1)clc(2-322-563)rqnt(10)aw(1)rcm(0)ecs(0)cdl(na)eco(42542596)dss(1)oms(0)ti(0)&force-urlencoded=1-130 into controller OpenModems
2025-05-20 16:39:52,831 INFO o.a.j.p.h.p.ProxyControl: Add sample OpenModems/watch/26851704/1?page-url=https%3A%2F%2Fmoscow.shop.megafon.ru%2Fmodems_routers&charset=utf-8&uah=chu%0A%22Chromium%22%3Bv%3D%22136%22%2C%22Google%20Chrome%22%3Bv%3D%22136%22%2C%22Not.A%2FBrand%22%3Bv%3D%2299%22%0Acha%0Ax86%0Achb%0A64%0Achf%0A136.0.7103.114%0Achl%0A%22Chromium%22%3Bv%3D%22136.0.7103.114%22%2C%22Google%20Chrome%22%3Bv%3D%22136.0.7103.114%22%2C%22Not.A%2FBrand%22%3Bv%3D%2299.0.0.0%22%0Achm%0A%3F0%0Achp%0AWindows%0Achv%0A10.0.0&hittoken=1747743589_07a67191d33698541338b497970274cb4b4e54553e8a16575a4afbd9bc78122b&browser-info=pa%3A1%3Aar%3A1%3Avf%3A91r6djxnfagi0ac8j9552ae0fuu7%3Afu%3A1%3Aen%3Autf-8%3Ala%3Aru-RU%3Av%3A2040%3Acn%3A1%3Adp%3A1%3Als%3A182097413746%3Ahid%3A249275721%3Az%3A240%3Ai%3A20250520163946%3Aet%3A1747744787%3Ac%3A1%3Arn%3A967062365%3Arqn%3A532%3Au%3A1739911235253772217%3Aw%3A1905x901%3As%3A1920x1080x24%3Ask%3A1%3Awv%3A2%3Ads%3A%2C%2C%2C%2C%2C%2C%2C%2C%2C9492%2C9492%2C0%2C%3Aco%3A0%3Acpf%3A1%3Aeu%3A0%3Ans%3A1747743585276%3Aadb%3A2%3Arqnl%3A1%3Ast%3A1747744787&t=gdpr(14)mc(ex-8)clc(2-322-563)rqnt(2)aw(1)rcm(0)ecs(0)cdl(na)eco(42542592)dss(1)oms(0)ti(0)&force-urlencoded=1&site-info=%7B%22Custom%20event%22%3A%7B%22shop%20%5Bprod%5D%20%2F%20ACTIONS%22%3A%7B%22makeActions%20%2F%20%5B%D0%9B%D0%B8%D1%81%D1%82%D0%B8%D0%BD%D0%B3%20%2F%20%D0%A4%D0%B8%D0%BB%D1%8C%D1%82%D1%80%5D%20%2F%20openAccordion%22%3A%7B%22%D0%9F%D1%80%D0%BE%D0%B8%D0%B7%D0%B2%D0%BE%D0%B4%D0%B8%D1%82%D0%B5%D0%BB%D1%8C%20%2F%20%D0%9F%D0%BE%D0%BA%D0%B0%D0%B7%D0%B0%D1%82%D1%8C%20%D0%B5%D1%89%D0%B5%22%3A%7B%22d-v690-e18%22%3A%22%7B%5C%22h_CONTENT_STORE%5C%22%3A%5C%22shop%20%5Bprod%5D%5C%22%2C%5C%22h_CONTENT_FULL-PAGE%5C%22%3A%5C%22https%3A%2F%2Fmoscow.shop.megafon.ru%2Fmodems_routers%5C%22%2C%5C%22hitID%5C%22%3A%5C%221739911235253772217.1747744786%5C%22%2C%5C%22h_Varioqub_flag%5C%22%3A%5B%5C%22searchbooster%5C%22%2C%5C%22collapsed%5C%22%5D%7D%22%7D%7D%7D%7D%7D-129 into controller OpenModems
2025-05-20 16:39:52,834 INFO o.a.j.p.h.p.ProxyControl: Add sample OpenModems/watch/26851668?page-url=https%3A%2F%2Fmoscow.shop.megafon.ru%2Fmodems_routers&exp=HDNDJGJno3rmHI94_AWL_81BKH7vHOrd&charset=utf-8&uah=chu%0A%22Chromium%22%3Bv%3D%22136%22%2C%22Google%20Chrome%22%3Bv%3D%22136%22%2C%22Not.A%2FBrand%22%3Bv%3D%2299%22%0Acha%0Ax86%0Achb%0A64%0Achf%0A136.0.7103.114%0Achl%0A%22Chromium%22%3Bv%3D%22136.0.7103.114%22%2C%22Google%20Chrome%22%3Bv%3D%22136.0.7103.114%22%2C%22Not.A%2FBrand%22%3Bv%3D%2299.0.0.0%22%0Achm%0A%3F0%0Achp%0AWindows%0Achv%0A10.0.0&hittoken=1747743589_4ace16351396860de5024b3a8f5be18a4e23e7014b503204efae972a9967bb47&browser-info=ex%3A1%3Aar%3A1%3Avf%3A91r6djxnfagi0ac8j9552ae0fuu7%3Afu%3A1%3Aen%3Autf-8%3Ala%3Aru-RU%3Av%3A2040%3Acn%3A2%3Adp%3A1%3Als%3A564912873122%3Ahid%3A249275721%3Az%3A240%3Ai%3A20250520163946%3Aet%3A1747744787%3Ac%3A1%3Arn%3A170381523%3Arqn%3A1995%3Au%3A1739911235253772217%3Aw%3A1905x901%3As%3A1920x1080x24%3Ask%3A1%3Awv%3A2%3Aco%3A0%3Acpf%3A1%3Aeu%3A0%3Ans%3A1747743585276%3Aadb%3A2%3App%3A3629563401%3Arqnl%3A1%3Ast%3A1747744787%3At%3A%D0%9C%D0%BE%D0%B4%D0%B5%D0%BC%D1%8B%20%D0%B8%20%D1%80%D0%BE%D1%83%D1%82%D0%B5%D1%80%D1%8B%20-%20%D0%BA%D1%83%D0%BF%D0%B8%D1%82%D1%8C%20%D0%BF%D0%BE%20%D0%B2%D1%8B%D0%B3%D0%BE%D0%B4%D0%BD%D0%BE%D0%B9%20%D1%86%D0%B5%D0%BD%D0%B5%20%D0%B2%20%D0%B8%D0%BD%D1%82%D0%B5%D1%80%D0%BD%D0%B5%D1%82-%D0%BC%D0%B0%D0%B3%D0%B0%D0%B7%D0%B8%D0%BD%D0%B5%20%D0%9C%D0%B5%D0%B3%D0%B0%D0%A4%D0%BE%D0%BD%D0%B0%20%D0%B2%20%D0%9C%D0%BE%D1%81%D0%BA%D0%B2%D0%B5&t=gdpr(14)mc(ex-9-p-1)clc(2-322-563)rqnt(11)aw(1)rcm(0)ecs(0)cdl(na)eco(42542596)dss(1)oms(0)ti(0)&force-urlencoded=1-131 into controller OpenModems
2025-05-20 16:39:52,837 INFO o.a.j.p.h.p.ProxyControl: Add sample OpenModems/watch/26851668/1?page-url=https%3A%2F%2Fmoscow.shop.megafon.ru%2Fmodems_routers&charset=utf-8&uah=chu%0A%22Chromium%22%3Bv%3D%22136%22%2C%22Google%20Chrome%22%3Bv%3D%22136%22%2C%22Not.A%2FBrand%22%3Bv%3D%2299%22%0Acha%0Ax86%0Achb%0A64%0Achf%0A136.0.7103.114%0Achl%0A%22Chromium%22%3Bv%3D%22136.0.7103.114%22%2C%22Google%20Chrome%22%3Bv%3D%22136.0.7103.114%22%2C%22Not.A%2FBrand%22%3Bv%3D%2299.0.0.0%22%0Achm%0A%3F0%0Achp%0AWindows%0Achv%0A10.0.0&hittoken=1747743589_4ace16351396860de5024b3a8f5be18a4e23e7014b503204efae972a9967bb47&browser-info=pa%3A1%3Aar%3A1%3Avf%3A91r6djxnfagi0ac8j9552ae0fuu7%3Afu%3A1%3Aen%3Autf-8%3Ala%3Aru-RU%3Av%3A2040%3Acn%3A2%3Adp%3A1%3Als%3A564912873122%3Ahid%3A249275721%3Az%3A240%3Ai%3A20250520163946%3Aet%3A1747744787%3Ac%3A1%3Arn%3A704097016%3Arqn%3A1996%3Au%3A1739911235253772217%3Aw%3A1905x901%3As%3A1920x1080x24%3Ask%3A1%3Awv%3A2%3Aco%3A0%3Acpf%3A1%3Aeu%3A0%3Ans%3A1747743585276%3Aadb%3A2%3Arqnl%3A1%3Ast%3A1747744787&t=gdpr(14)mc(ex-10-p-1)clc(2-322-563)rqnt(12)aw(1)rcm(0)ecs(0)cdl(na)eco(42542596)dss(1)oms(0)ti(0)&force-urlencoded=1&site-info=%7B%22Custom%20event%22%3A%7B%22shop%20%5Bprod%5D%20%2F%20ACTIONS%22%3A%7B%22makeActions%20%2F%20%5B%D0%9B%D0%B8%D1%81%D1%82%D0%B8%D0%BD%D0%B3%20%2F%20%D0%A4%D0%B8%D0%BB%D1%8C%D1%82%D1%80%5D%20%2F%20openAccordion%22%3A%7B%22%D0%9F%D1%80%D0%BE%D0%B8%D0%B7%D0%B2%D0%BE%D0%B4%D0%B8%D1%82%D0%B5%D0%BB%D1%8C%20%2F%20%D0%9F%D0%BE%D0%BA%D0%B0%D0%B7%D0%B0%D1%82%D1%8C%20%D0%B5%D1%89%D0%B5%22%3A%7B%22d-v690-e18%22%3A%22%7B%5C%22h_CONTENT_STORE%5C%22%3A%5C%22shop%20%5Bprod%5D%5C%22%2C%5C%22h_CONTENT_FULL-PAGE%5C%22%3A%5C%22https%3A%2F%2Fmoscow.shop.megafon.ru%2Fmodems_routers%5C%22%2C%5C%22hitID%5C%22%3A%5C%221739911235253772217.1747744786%5C%22%2C%5C%22h_Varioqub_flag%5C%22%3A%5B%5C%22searchbooster%5C%22%2C%5C%22collapsed%5C%22%5D%7D%22%7D%7D%7D%7D%7D-132 into controller OpenModems
2025-05-20 16:40:00,547 INFO o.a.j.p.h.p.ProxyControl: Add sample OpenModems/webvisor/26851668?wv-part=16&wv-type=7&wmode=0&wv-hit=249275721&page-url=https%3A%2F%2Fmoscow.shop.megafon.ru%2Fmodems_routers&rn=1035478618&browser-info=we%3A1%3Aet%3A1747744800%3Aw%3A1905x901%3Av%3A2040%3Az%3A240%3Ai%3A20250520164000%3Au%3A1739911235253772217%3Avf%3A91r6djxnfagi0ac8j9552ae0fuu7%3Ast%3A1747744800&t=gdpr(14)ti(1)-133 into controller OpenModems
2025-05-20 16:40:05,351 INFO o.a.j.p.h.p.ProxyControl: Add sample OpenModems/webvisor/26851668?wv-part=3&wv-check=8584&wv-type=0&wmode=0&wv-hit=249275721&page-url=https%3A%2F%2Fmoscow.shop.megafon.ru%2Fmodems_routers&rn=524375643&browser-info=we%3A1%3Aet%3A1747744805%3Aw%3A1905x901%3Av%3A2040%3Az%3A240%3Ai%3A20250520164005%3Au%3A1739911235253772217%3Avf%3A91r6djxnfagi0ac8j9552ae0fuu7%3Ast%3A1747744805&t=gdpr(14)ti(1)-134 into controller OpenModems
2025-05-20 16:40:16,332 INFO o.a.j.p.h.p.ProxyControl: Add sample OpenModems/watch/26851704/1?page-url=btn%3A%2F%2Fmoscow.shop.megafon.ru%2F%3Fp%3DAA1AAA1A5AAA1A1A1A%25C2%2589%26c%3D1241398842&page-ref=https%3A%2F%2Fmoscow.shop.megafon.ru%2Fmodems_routers&charset=utf-8&uah=chu%0A%22Chromium%22%3Bv%3D%22136%22%2C%22Google%20Chrome%22%3Bv%3D%22136%22%2C%22Not.A%2FBrand%22%3Bv%3D%2299%22%0Acha%0Ax86%0Achb%0A64%0Achf%0A136.0.7103.114%0Achl%0A%22Chromium%22%3Bv%3D%22136.0.7103.114%22%2C%22Google%20Chrome%22%3Bv%3D%22136.0.7103.114%22%2C%22Not.A%2FBrand%22%3Bv%3D%2299.0.0.0%22%0Achm%0A%3F0%0Achp%0AWindows%0Achv%0A10.0.0&hittoken=1747743589_07a67191d33698541338b497970274cb4b4e54553e8a16575a4afbd9bc78122b&browser-info=ar%3A1%3Avf%3A91r6djxnfagi0ac8j9552ae0fuu7%3Afu%3A3%3Aen%3Autf-8%3Ala%3Aru-RU%3Av%3A2040%3Acn%3A1%3Adp%3A1%3Als%3A182097413746%3Ahid%3A249275721%3Az%3A240%3Ai%3A20250520164016%3Aet%3A1747744816%3Ac%3A1%3Arn%3A186475132%3Arqn%3A533%3Au%3A1739911235253772217%3Aw%3A1905x901%3As%3A1920x1080x24%3Ask%3A1%3Awv%3A2%3Aco%3A0%3Acpf%3A1%3Aeu%3A0%3Ans%3A1747743585276%3Aadb%3A2%3App%3A3629563401%3Arqnl%3A1%3Ast%3A1747744816%3At%3A%D0%9C%D0%BE%D0%B4%D0%B5%D0%BC%D1%8B%20%D0%B8%20%D1%80%D0%BE%D1%83%D1%82%D0%B5%D1%80%D1%8B%20-%20%D0%BA%D1%83%D0%BF%D0%B8%D1%82%D1%8C%20%D0%BF%D0%BE%20%D0%B2%D1%8B%D0%B3%D0%BE%D0%B4%D0%BD%D0%BE%D0%B9%20%D1%86%D0%B5%D0%BD%D0%B5%20%D0%B2%20%D0%B8%D0%BD%D1%82%D0%B5%D1%80%D0%BD%D0%B5%D1%82-%D0%BC%D0%B0%D0%B3%D0%B0%D0%B7%D0%B8%D0%BD%D0%B5%20%D0%9C%D0%B5%D0%B3%D0%B0%D0%A4%D0%BE%D0%BD%D0%B0%20%D0%B2%20%D0%9C%D0%BE%D1%81%D0%BA%D0%B2%D0%B5&t=gdpr(14)mc(ex-10-p-2)clc(2-322-563)rqnt(3)aw(1)rcm(0)ecs(0)cdl(na)eco(42542592)dss(1)oms(0)fid(100)ti(0)&force-urlencoded=1&site-info=%7B%22__ym%22%3A%7B%22ite%22%3A1%7D%7D-135 into controller OpenModems
2025-05-20 16:40:16,337 INFO o.a.j.p.h.p.ProxyControl: Add sample OpenModems/clmap/26851668-137 into controller OpenModems
2025-05-20 16:40:16,339 INFO o.a.j.p.h.p.ProxyControl: Add sample OpenModems/watch/26851704/1?page-url=btn%3A%2F%2Fmoscow.shop.megafon.ru%2F%3Fp%3DAA1AAA1A5AAA1A1A1A%25C2%2589%26c%3D1241398842&page-ref=https%3A%2F%2Fmoscow.shop.megafon.ru%2Fmodems_routers&charset=utf-8&uah=chu%0A%22Chromium%22%3Bv%3D%22136%22%2C%22Google%20Chrome%22%3Bv%3D%22136%22%2C%22Not.A%2FBrand%22%3Bv%3D%2299%22%0Acha%0Ax86%0Achb%0A64%0Achf%0A136.0.7103.114%0Achl%0A%22Chromium%22%3Bv%3D%22136.0.7103.114%22%2C%22Google%20Chrome%22%3Bv%3D%22136.0.7103.114%22%2C%22Not.A%2FBrand%22%3Bv%3D%2299.0.0.0%22%0Achm%0A%3F0%0Achp%0AWindows%0Achv%0A10.0.0&hittoken=1747743589_07a67191d33698541338b497970274cb4b4e54553e8a16575a4afbd9bc78122b&browser-info=ar%3A1%3Avf%3A91r6djxnfagi0ac8j9552ae0fuu7%3Afu%3A3%3Aen%3Autf-8%3Ala%3Aru-RU%3Av%3A2040%3Acn%3A1%3Adp%3A1%3Als%3A182097413746%3Ahid%3A249275721%3Az%3A240%3Ai%3A20250520164016%3Aet%3A1747744816%3Ac%3A1%3Arn%3A413232796%3Arqn%3A534%3Au%3A1739911235253772217%3Aw%3A1905x901%3As%3A1920x1080x24%3Ask%3A1%3Awv%3A2%3Aco%3A0%3Acpf%3A1%3Aeu%3A0%3Ans%3A1747743585276%3Aadb%3A2%3App%3A3629563401%3Arqnl%3A1%3Ast%3A1747744816%3At%3A%D0%9C%D0%BE%D0%B4%D0%B5%D0%BC%D1%8B%20%D0%B8%20%D1%80%D0%BE%D1%83%D1%82%D0%B5%D1%80%D1%8B%20-%20%D0%BA%D1%83%D0%BF%D0%B8%D1%82%D1%8C%20%D0%BF%D0%BE%20%D0%B2%D1%8B%D0%B3%D0%BE%D0%B4%D0%BD%D0%BE%D0%B9%20%D1%86%D0%B5%D0%BD%D0%B5%20%D0%B2%20%D0%B8%D0%BD%D1%82%D0%B5%D1%80%D0%BD%D0%B5%D1%82-%D0%BC%D0%B0%D0%B3%D0%B0%D0%B7%D0%B8%D0%BD%D0%B5%20%D0%9C%D0%B5%D0%B3%D0%B0%D0%A4%D0%BE%D0%BD%D0%B0%20%D0%B2%20%D0%9C%D0%BE%D1%81%D0%BA%D0%B2%D0%B5&t=gdpr(14)mc(ex-10-p-2)clc(4-287-483)rqnt(4)aw(1)rcm(0)ecs(0)cdl(na)eco(42542592)dss(1)oms(0)ti(0)&force-urlencoded=1&site-info=%7B%22__ym%22%3A%7B%22ite%22%3A1%7D%7D-138 into controller OpenModems
2025-05-20 16:40:16,342 INFO o.a.j.p.h.p.ProxyControl: Add sample OpenModems/watch/26851668?page-url=https%3A%2F%2Fmoscow.shop.megafon.ru%2Fmodems_routers&exp=HDNDJGJno3rmHI94_AWL_81BKH7vHOrd&charset=utf-8&uah=chu%0A%22Chromium%22%3Bv%3D%22136%22%2C%22Google%20Chrome%22%3Bv%3D%22136%22%2C%22Not.A%2FBrand%22%3Bv%3D%2299%22%0Acha%0Ax86%0Achb%0A64%0Achf%0A136.0.7103.114%0Achl%0A%22Chromium%22%3Bv%3D%22136.0.7103.114%22%2C%22Google%20Chrome%22%3Bv%3D%22136.0.7103.114%22%2C%22Not.A%2FBrand%22%3Bv%3D%2299.0.0.0%22%0Achm%0A%3F0%0Achp%0AWindows%0Achv%0A10.0.0&hittoken=1747743589_4ace16351396860de5024b3a8f5be18a4e23e7014b503204efae972a9967bb47&browser-info=ex%3A1%3Aar%3A1%3Avf%3A91r6djxnfagi0ac8j9552ae0fuu7%3Afu%3A1%3Aen%3Autf-8%3Ala%3Aru-RU%3Av%3A2040%3Acn%3A2%3Adp%3A1%3Als%3A564912873122%3Ahid%3A249275721%3Az%3A240%3Ai%3A20250520164016%3Aet%3A1747744816%3Ac%3A1%3Arn%3A186323146%3Arqn%3A1998%3Au%3A1739911235253772217%3Aw%3A1905x901%3As%3A1920x1080x24%3Ask%3A1%3Awv%3A2%3Aco%3A0%3Acpf%3A1%3Aeu%3A0%3Ans%3A1747743585276%3Aadb%3A2%3App%3A3629563401%3Arqnl%3A1%3Ast%3A1747744816%3At%3A%D0%9C%D0%BE%D0%B4%D0%B5%D0%BC%D1%8B%20%D0%B8%20%D1%80%D0%BE%D1%83%D1%82%D0%B5%D1%80%D1%8B%20-%20%D0%BA%D1%83%D0%BF%D0%B8%D1%82%D1%8C%20%D0%BF%D0%BE%20%D0%B2%D1%8B%D0%B3%D0%BE%D0%B4%D0%BD%D0%BE%D0%B9%20%D1%86%D0%B5%D0%BD%D0%B5%20%D0%B2%20%D0%B8%D0%BD%D1%82%D0%B5%D1%80%D0%BD%D0%B5%D1%82-%D0%BC%D0%B0%D0%B3%D0%B0%D0%B7%D0%B8%D0%BD%D0%B5%20%D0%9C%D0%B5%D0%B3%D0%B0%D0%A4%D0%BE%D0%BD%D0%B0%20%D0%B2%20%D0%9C%D0%BE%D1%81%D0%BA%D0%B2%D0%B5&t=gdpr(14)mc(ex-11-p-2)clc(6-275-456)rqnt(14)aw(1)rcm(0)ecs(0)cdl(na)eco(42542596)dss(1)oms(0)ti(0)&force-urlencoded=1-140 into controller OpenModems
2025-05-20 16:40:16,347 INFO o.a.j.p.h.p.ProxyControl: Add sample OpenModems/clmap/26851704-136 into controller OpenModems
2025-05-20 16:40:16,351 INFO o.a.j.p.h.p.ProxyControl: Add sample OpenModems/watch/26851668?page-url=https%3A%2F%2Fmoscow.shop.megafon.ru%2Fmodems_routers&exp=HDNDJGJno3rmHI94_AWL_81BKH7vHOrd&charset=utf-8&uah=chu%0A%22Chromium%22%3Bv%3D%22136%22%2C%22Google%20Chrome%22%3Bv%3D%22136%22%2C%22Not.A%2FBrand%22%3Bv%3D%2299%22%0Acha%0Ax86%0Achb%0A64%0Achf%0A136.0.7103.114%0Achl%0A%22Chromium%22%3Bv%3D%22136.0.7103.114%22%2C%22Google%20Chrome%22%3Bv%3D%22136.0.7103.114%22%2C%22Not.A%2FBrand%22%3Bv%3D%2299.0.0.0%22%0Achm%0A%3F0%0Achp%0AWindows%0Achv%0A10.0.0&hittoken=1747743589_4ace16351396860de5024b3a8f5be18a4e23e7014b503204efae972a9967bb47&browser-info=ex%3A1%3Aar%3A1%3Avf%3A91r6djxnfagi0ac8j9552ae0fuu7%3Afu%3A1%3Aen%3Autf-8%3Ala%3Aru-RU%3Av%3A2040%3Acn%3A2%3Adp%3A1%3Als%3A564912873122%3Ahid%3A249275721%3Az%3A240%3Ai%3A20250520164016%3Aet%3A1747744816%3Ac%3A1%3Arn%3A334528107%3Arqn%3A1997%3Au%3A1739911235253772217%3Aw%3A1905x901%3As%3A1920x1080x24%3Ask%3A1%3Awv%3A2%3Aco%3A0%3Acpf%3A1%3Aeu%3A0%3Ans%3A1747743585276%3Aadb%3A2%3App%3A3629563401%3Arqnl%3A1%3Ast%3A1747744816%3At%3A%D0%9C%D0%BE%D0%B4%D0%B5%D0%BC%D1%8B%20%D0%B8%20%D1%80%D0%BE%D1%83%D1%82%D0%B5%D1%80%D1%8B%20-%20%D0%BA%D1%83%D0%BF%D0%B8%D1%82%D1%8C%20%D0%BF%D0%BE%20%D0%B2%D1%8B%D0%B3%D0%BE%D0%B4%D0%BD%D0%BE%D0%B9%20%D1%86%D0%B5%D0%BD%D0%B5%20%D0%B2%20%D0%B8%D0%BD%D1%82%D0%B5%D1%80%D0%BD%D0%B5%D1%82-%D0%BC%D0%B0%D0%B3%D0%B0%D0%B7%D0%B8%D0%BD%D0%B5%20%D0%9C%D0%B5%D0%B3%D0%B0%D0%A4%D0%BE%D0%BD%D0%B0%20%D0%B2%20%D0%9C%D0%BE%D1%81%D0%BA%D0%B2%D0%B5&t=gdpr(14)mc(ex-10-p-2)clc(6-275-456)rqnt(13)aw(1)rcm(0)ecs(0)cdl(na)eco(42542596)dss(1)oms(0)ti(0)&force-urlencoded=1-139 into controller OpenModems
2025-05-20 16:40:16,355 INFO o.a.j.p.h.p.ProxyControl: Add sample OpenModems/watch/26851668?page-url=https%3A%2F%2Fmoscow.shop.megafon.ru%2Fmodems_routers&exp=HDNDJGJno3rmHI94_AWL_81BKH7vHOrd&charset=utf-8&uah=chu%0A%22Chromium%22%3Bv%3D%22136%22%2C%22Google%20Chrome%22%3Bv%3D%22136%22%2C%22Not.A%2FBrand%22%3Bv%3D%2299%22%0Acha%0Ax86%0Achb%0A64%0Achf%0A136.0.7103.114%0Achl%0A%22Chromium%22%3Bv%3D%22136.0.7103.114%22%2C%22Google%20Chrome%22%3Bv%3D%22136.0.7103.114%22%2C%22Not.A%2FBrand%22%3Bv%3D%2299.0.0.0%22%0Achm%0A%3F0%0Achp%0AWindows%0Achv%0A10.0.0&hittoken=1747743589_4ace16351396860de5024b3a8f5be18a4e23e7014b503204efae972a9967bb47&browser-info=ex%3A1%3Aar%3A1%3Avf%3A91r6djxnfagi0ac8j9552ae0fuu7%3Afu%3A1%3Aen%3Autf-8%3Ala%3Aru-RU%3Av%3A2040%3Acn%3A2%3Adp%3A1%3Als%3A564912873122%3Ahid%3A249275721%3Az%3A240%3Ai%3A20250520164016%3Aet%3A1747744816%3Ac%3A1%3Arn%3A641525087%3Arqn%3A2001%3Au%3A1739911235253772217%3Aw%3A1905x901%3As%3A1920x1080x24%3Ask%3A1%3Awv%3A2%3Aco%3A0%3Acpf%3A1%3Aeu%3A0%3Ans%3A1747743585276%3Aadb%3A2%3App%3A3629563401%3Arqnl%3A1%3Ast%3A1747744816%3At%3A%D0%9C%D0%BE%D0%B4%D0%B5%D0%BC%D1%8B%20%D0%B8%20%D1%80%D0%BE%D1%83%D1%82%D0%B5%D1%80%D1%8B%20-%20%D0%BA%D1%83%D0%BF%D0%B8%D1%82%D1%8C%20%D0%BF%D0%BE%20%D0%B2%D1%8B%D0%B3%D0%BE%D0%B4%D0%BD%D0%BE%D0%B9%20%D1%86%D0%B5%D0%BD%D0%B5%20%D0%B2%20%D0%B8%D0%BD%D1%82%D0%B5%D1%80%D0%BD%D0%B5%D1%82-%D0%BC%D0%B0%D0%B3%D0%B0%D0%B7%D0%B8%D0%BD%D0%B5%20%D0%9C%D0%B5%D0%B3%D0%B0%D0%A4%D0%BE%D0%BD%D0%B0%20%D0%B2%20%D0%9C%D0%BE%D1%81%D0%BA%D0%B2%D0%B5&t=gdpr(14)mc(ex-14-p-3)clc(6-275-456)rqnt(17)aw(1)rcm(0)ecs(0)cdl(na)eco(42542596)dss(1)oms(0)ti(0)&force-urlencoded=1-144 into controller OpenModems
2025-05-20 16:40:16,359 INFO o.a.j.p.h.p.ProxyControl: Add sample OpenModems/watch/26851668?page-url=https%3A%2F%2Fmoscow.shop.megafon.ru%2Fmodems_routers&exp=HDNDJGJno3rmHI94_AWL_81BKH7vHOrd&charset=utf-8&uah=chu%0A%22Chromium%22%3Bv%3D%22136%22%2C%22Google%20Chrome%22%3Bv%3D%22136%22%2C%22Not.A%2FBrand%22%3Bv%3D%2299%22%0Acha%0Ax86%0Achb%0A64%0Achf%0A136.0.7103.114%0Achl%0A%22Chromium%22%3Bv%3D%22136.0.7103.114%22%2C%22Google%20Chrome%22%3Bv%3D%22136.0.7103.114%22%2C%22Not.A%2FBrand%22%3Bv%3D%2299.0.0.0%22%0Achm%0A%3F0%0Achp%0AWindows%0Achv%0A10.0.0&hittoken=1747743589_4ace16351396860de5024b3a8f5be18a4e23e7014b503204efae972a9967bb47&browser-info=ex%3A1%3Aar%3A1%3Avf%3A91r6djxnfagi0ac8j9552ae0fuu7%3Afu%3A1%3Aen%3Autf-8%3Ala%3Aru-RU%3Av%3A2040%3Acn%3A2%3Adp%3A1%3Als%3A564912873122%3Ahid%3A249275721%3Az%3A240%3Ai%3A20250520164016%3Aet%3A1747744816%3Ac%3A1%3Arn%3A809522353%3Arqn%3A1999%3Au%3A1739911235253772217%3Aw%3A1905x901%3As%3A1920x1080x24%3Ask%3A1%3Awv%3A2%3Aco%3A0%3Acpf%3A1%3Aeu%3A0%3Ans%3A1747743585276%3Aadb%3A2%3App%3A3629563401%3Arqnl%3A1%3Ast%3A1747744816%3At%3A%D0%9C%D0%BE%D0%B4%D0%B5%D0%BC%D1%8B%20%D0%B8%20%D1%80%D0%BE%D1%83%D1%82%D0%B5%D1%80%D1%8B%20-%20%D0%BA%D1%83%D0%BF%D0%B8%D1%82%D1%8C%20%D0%BF%D0%BE%20%D0%B2%D1%8B%D0%B3%D0%BE%D0%B4%D0%BD%D0%BE%D0%B9%20%D1%86%D0%B5%D0%BD%D0%B5%20%D0%B2%20%D0%B8%D0%BD%D1%82%D0%B5%D1%80%D0%BD%D0%B5%D1%82-%D0%BC%D0%B0%D0%B3%D0%B0%D0%B7%D0%B8%D0%BD%D0%B5%20%D0%9C%D0%B5%D0%B3%D0%B0%D0%A4%D0%BE%D0%BD%D0%B0%20%D0%B2%20%D0%9C%D0%BE%D1%81%D0%BA%D0%B2%D0%B5&t=gdpr(14)mc(ex-12-p-2)clc(6-275-456)rqnt(15)aw(1)rcm(0)ecs(0)cdl(na)eco(42542596)dss(1)oms(0)ti(0)&force-urlencoded=1-141 into controller OpenModems
2025-05-20 16:40:16,363 INFO o.a.j.p.h.p.ProxyControl: Add sample OpenModems/watch/26851668?page-url=https%3A%2F%2Fmoscow.shop.megafon.ru%2Fmodems_routers&exp=HDNDJGJno3rmHI94_AWL_81BKH7vHOrd&charset=utf-8&uah=chu%0A%22Chromium%22%3Bv%3D%22136%22%2C%22Google%20Chrome%22%3Bv%3D%22136%22%2C%22Not.A%2FBrand%22%3Bv%3D%2299%22%0Acha%0Ax86%0Achb%0A64%0Achf%0A136.0.7103.114%0Achl%0A%22Chromium%22%3Bv%3D%22136.0.7103.114%22%2C%22Google%20Chrome%22%3Bv%3D%22136.0.7103.114%22%2C%22Not.A%2FBrand%22%3Bv%3D%2299.0.0.0%22%0Achm%0A%3F0%0Achp%0AWindows%0Achv%0A10.0.0&hittoken=1747743589_4ace16351396860de5024b3a8f5be18a4e23e7014b503204efae972a9967bb47&browser-info=ex%3A1%3Aar%3A1%3Avf%3A91r6djxnfagi0ac8j9552ae0fuu7%3Afu%3A1%3Aen%3Autf-8%3Ala%3Aru-RU%3Av%3A2040%3Acn%3A2%3Adp%3A1%3Als%3A564912873122%3Ahid%3A249275721%3Az%3A240%3Ai%3A20250520164016%3Aet%3A1747744816%3Ac%3A1%3Arn%3A617871229%3Arqn%3A2000%3Au%3A1739911235253772217%3Aw%3A1905x901%3As%3A1920x1080x24%3Ask%3A1%3Awv%3A2%3Aco%3A0%3Acpf%3A1%3Aeu%3A0%3Ans%3A1747743585276%3Aadb%3A2%3App%3A3629563401%3Arqnl%3A1%3Ast%3A1747744816%3At%3A%D0%9C%D0%BE%D0%B4%D0%B5%D0%BC%D1%8B%20%D0%B8%20%D1%80%D0%BE%D1%83%D1%82%D0%B5%D1%80%D1%8B%20-%20%D0%BA%D1%83%D0%BF%D0%B8%D1%82%D1%8C%20%D0%BF%D0%BE%20%D0%B2%D1%8B%D0%B3%D0%BE%D0%B4%D0%BD%D0%BE%D0%B9%20%D1%86%D0%B5%D0%BD%D0%B5%20%D0%B2%20%D0%B8%D0%BD%D1%82%D0%B5%D1%80%D0%BD%D0%B5%D1%82-%D0%BC%D0%B0%D0%B3%D0%B0%D0%B7%D0%B8%D0%BD%D0%B5%20%D0%9C%D0%B5%D0%B3%D0%B0%D0%A4%D0%BE%D0%BD%D0%B0%20%D0%B2%20%D0%9C%D0%BE%D1%81%D0%BA%D0%B2%D0%B5&t=gdpr(14)mc(ex-13-p-2)clc(6-275-456)rqnt(16)aw(1)rcm(0)ecs(0)cdl(na)eco(42542596)dss(1)oms(0)ti(0)&force-urlencoded=1-142 into controller OpenModems
2025-05-20 16:40:16,367 INFO o.a.j.p.h.p.ProxyControl: Add sample OpenModems/watch/26851668/1?page-url=https%3A%2F%2Fmoscow.shop.megafon.ru%2Fmodems_routers&charset=utf-8&uah=chu%0A%22Chromium%22%3Bv%3D%22136%22%2C%22Google%20Chrome%22%3Bv%3D%22136%22%2C%22Not.A%2FBrand%22%3Bv%3D%2299%22%0Acha%0Ax86%0Achb%0A64%0Achf%0A136.0.7103.114%0Achl%0A%22Chromium%22%3Bv%3D%22136.0.7103.114%22%2C%22Google%20Chrome%22%3Bv%3D%22136.0.7103.114%22%2C%22Not.A%2FBrand%22%3Bv%3D%2299.0.0.0%22%0Achm%0A%3F0%0Achp%0AWindows%0Achv%0A10.0.0&hittoken=1747743589_4ace16351396860de5024b3a8f5be18a4e23e7014b503204efae972a9967bb47&browser-info=pa%3A1%3Aar%3A1%3Avf%3A91r6djxnfagi0ac8j9552ae0fuu7%3Afu%3A1%3Aen%3Autf-8%3Ala%3Aru-RU%3Av%3A2040%3Acn%3A2%3Adp%3A1%3Als%3A564912873122%3Ahid%3A249275721%3Az%3A240%3Ai%3A20250520164016%3Aet%3A1747744816%3Ac%3A1%3Arn%3A931792904%3Arqn%3A2003%3Au%3A1739911235253772217%3Aw%3A1905x901%3As%3A1920x1080x24%3Ask%3A1%3Awv%3A2%3Aco%3A0%3Acpf%3A1%3Aeu%3A0%3Ans%3A1747743585276%3Aadb%3A2%3Arqnl%3A1%3Ast%3A1747744816&t=gdpr(14)mc(ex-16-p-3)clc(6-275-456)rqnt(19)aw(1)rcm(0)ecs(0)cdl(na)eco(42542596)dss(1)oms(0)ti(0)&force-urlencoded=1&site-info=%7B%22Custom%20event%22%3A%7B%22shop%20%5Bprod%5D%20%2F%20ACTIONS%22%3A%7B%22makeActions%20%2F%20%5B%D0%9B%D0%B8%D1%81%D1%82%D0%B8%D0%BD%D0%B3%20%2F%20%D0%A4%D0%B8%D0%BB%D1%8C%D1%82%D1%80%5D%20%2F%20useCheckbox%22%3A%7B%22%D0%9F%D1%80%D0%BE%D0%B8%D0%B7%D0%B2%D0%BE%D0%B4%D0%B8%D1%82%D0%B5%D0%BB%D1%8C%20%2F%20%D0%9C%D0%B5%D0%B3%D0%B0%D0%A4%D0%BE%D0%BD%20%2F%20on%22%3A%7B%22d-v690-e15%22%3A%22%7B%5C%22h_CONTENT_STORE%5C%22%3A%5C%22shop%20%5Bprod%5D%5C%22%2C%5C%22h_CONTENT_FULL-PAGE%5C%22%3A%5C%22https%3A%2F%2Fmoscow.shop.megafon.ru%2Fmodems_routers%5C%22%2C%5C%22hitID%5C%22%3A%5C%221739911235253772217.1747744816%5C%22%2C%5C%22h_Varioqub_flag%5C%22%3A%5B%5C%22searchbooster%5C%22%2C%5C%22collapsed%5C%22%5D%7D%22%7D%7D%7D%7D%7D-146 into controller OpenModems
2025-05-20 16:40:16,370 INFO o.a.j.p.h.p.ProxyControl: Add sample OpenModems/watch/26851668?page-url=https%3A%2F%2Fmoscow.shop.megafon.ru%2Fmodems_routers&exp=HDNDJGJno3rmHI94_AWL_81BKH7vHOrd&charset=utf-8&uah=chu%0A%22Chromium%22%3Bv%3D%22136%22%2C%22Google%20Chrome%22%3Bv%3D%22136%22%2C%22Not.A%2FBrand%22%3Bv%3D%2299%22%0Acha%0Ax86%0Achb%0A64%0Achf%0A136.0.7103.114%0Achl%0A%22Chromium%22%3Bv%3D%22136.0.7103.114%22%2C%22Google%20Chrome%22%3Bv%3D%22136.0.7103.114%22%2C%22Not.A%2FBrand%22%3Bv%3D%2299.0.0.0%22%0Achm%0A%3F0%0Achp%0AWindows%0Achv%0A10.0.0&hittoken=1747743589_4ace16351396860de5024b3a8f5be18a4e23e7014b503204efae972a9967bb47&browser-info=ex%3A1%3Aar%3A1%3Avf%3A91r6djxnfagi0ac8j9552ae0fuu7%3Afu%3A1%3Aen%3Autf-8%3Ala%3Aru-RU%3Av%3A2040%3Acn%3A2%3Adp%3A1%3Als%3A564912873122%3Ahid%3A249275721%3Az%3A240%3Ai%3A20250520164016%3Aet%3A1747744816%3Ac%3A1%3Arn%3A721821596%3Arqn%3A2002%3Au%3A1739911235253772217%3Aw%3A1905x901%3As%3A1920x1080x24%3Ask%3A1%3Awv%3A2%3Aco%3A0%3Acpf%3A1%3Aeu%3A0%3Ans%3A1747743585276%3Aadb%3A2%3App%3A3629563401%3Arqnl%3A1%3Ast%3A1747744816%3At%3A%D0%9C%D0%BE%D0%B4%D0%B5%D0%BC%D1%8B%20%D0%B8%20%D1%80%D0%BE%D1%83%D1%82%D0%B5%D1%80%D1%8B%20-%20%D0%BA%D1%83%D0%BF%D0%B8%D1%82%D1%8C%20%D0%BF%D0%BE%20%D0%B2%D1%8B%D0%B3%D0%BE%D0%B4%D0%BD%D0%BE%D0%B9%20%D1%86%D0%B5%D0%BD%D0%B5%20%D0%B2%20%D0%B8%D0%BD%D1%82%D0%B5%D1%80%D0%BD%D0%B5%D1%82-%D0%BC%D0%B0%D0%B3%D0%B0%D0%B7%D0%B8%D0%BD%D0%B5%20%D0%9C%D0%B5%D0%B3%D0%B0%D0%A4%D0%BE%D0%BD%D0%B0%20%D0%B2%20%D0%9C%D0%BE%D1%81%D0%BA%D0%B2%D0%B5&t=gdpr(14)mc(ex-15-p-3)clc(6-275-456)rqnt(18)aw(1)rcm(0)ecs(0)cdl(na)eco(42542596)dss(1)oms(0)ti(0)&force-urlencoded=1-145 into controller OpenModems
2025-05-20 16:40:16,373 INFO o.a.j.p.h.p.ProxyControl: Add sample OpenModems/watch/26851704/1?page-url=https%3A%2F%2Fmoscow.shop.megafon.ru%2Fmodems_routers&charset=utf-8&uah=chu%0A%22Chromium%22%3Bv%3D%22136%22%2C%22Google%20Chrome%22%3Bv%3D%22136%22%2C%22Not.A%2FBrand%22%3Bv%3D%2299%22%0Acha%0Ax86%0Achb%0A64%0Achf%0A136.0.7103.114%0Achl%0A%22Chromium%22%3Bv%3D%22136.0.7103.114%22%2C%22Google%20Chrome%22%3Bv%3D%22136.0.7103.114%22%2C%22Not.A%2FBrand%22%3Bv%3D%2299.0.0.0%22%0Achm%0A%3F0%0Achp%0AWindows%0Achv%0A10.0.0&hittoken=1747743589_07a67191d33698541338b497970274cb4b4e54553e8a16575a4afbd9bc78122b&browser-info=pa%3A1%3Aar%3A1%3Avf%3A91r6djxnfagi0ac8j9552ae0fuu7%3Afu%3A1%3Aen%3Autf-8%3Ala%3Aru-RU%3Av%3A2040%3Acn%3A1%3Adp%3A1%3Als%3A182097413746%3Ahid%3A249275721%3Az%3A240%3Ai%3A20250520164016%3Aet%3A1747744816%3Ac%3A1%3Arn%3A339184669%3Arqn%3A535%3Au%3A1739911235253772217%3Aw%3A1905x901%3As%3A1920x1080x24%3Ask%3A1%3Awv%3A2%3Aco%3A0%3Acpf%3A1%3Aeu%3A0%3Ans%3A1747743585276%3Aadb%3A2%3Arqnl%3A1%3Ast%3A1747744816&t=gdpr(14)mc(ex-14-p-2)clc(6-275-456)rqnt(5)aw(1)rcm(0)ecs(0)cdl(na)eco(42542592)dss(1)oms(0)ti(0)&force-urlencoded=1&site-info=%7B%22Custom%20event%22%3A%7B%22shop%20%5Bprod%5D%20%2F%20ACTIONS%22%3A%7B%22makeActions%20%2F%20%5B%D0%9B%D0%B8%D1%81%D1%82%D0%B8%D0%BD%D0%B3%20%2F%20%D0%A4%D0%B8%D0%BB%D1%8C%D1%82%D1%80%5D%20%2F%20useCheckbox%22%3A%7B%22%D0%9F%D1%80%D0%BE%D0%B8%D0%B7%D0%B2%D0%BE%D0%B4%D0%B8%D1%82%D0%B5%D0%BB%D1%8C%20%2F%20%D0%9C%D0%B5%D0%B3%D0%B0%D0%A4%D0%BE%D0%BD%20%2F%20on%22%3A%7B%22d-v690-e15%22%3A%22%7B%5C%22h_CONTENT_STORE%5C%22%3A%5C%22shop%20%5Bprod%5D%5C%22%2C%5C%22h_CONTENT_FULL-PAGE%5C%22%3A%5C%22https%3A%2F%2Fmoscow.shop.megafon.ru%2Fmodems_routers%5C%22%2C%5C%22hitID%5C%22%3A%5C%221739911235253772217.1747744816%5C%22%2C%5C%22h_Varioqub_flag%5C%22%3A%5B%5C%22searchbooster%5C%22%2C%5C%22collapsed%5C%22%5D%7D%22%7D%7D%7D%7D%7D-143 into controller OpenModems
2025-05-20 16:40:16,532 INFO o.a.j.p.h.p.ProxyControl: Add sample OpenModems/webvisor/26851668?wv-part=17&wv-type=7&wmode=0&wv-hit=249275721&page-url=https%3A%2F%2Fmoscow.shop.megafon.ru%2Fmodems_routers&rn=587161868&browser-info=we%3A1%3Aet%3A1747744816%3Aw%3A1905x901%3Av%3A2040%3Az%3A240%3Ai%3A20250520164016%3Au%3A1739911235253772217%3Avf%3A91r6djxnfagi0ac8j9552ae0fuu7%3Ast%3A1747744816&t=gdpr(14)ti(1)-147 into controller OpenModems
2025-05-20 16:40:16,756 INFO o.a.j.p.h.p.ProxyControl: Add sample OpenModems/webvisor/26851668?wv-part=12&wv-type=7&wmode=0&wv-hit=249275721&page-url=https%3A%2F%2Fmoscow.shop.megafon.ru%2Fmodems_routers&rn=589486003&browser-info=bt%3A1%3Awe%3A1%3Aet%3A1747744817%3Aw%3A1905x901%3Av%3A2040%3Az%3A240%3Ai%3A20250520164016%3Au%3A1739911235253772217%3Avf%3A91r6djxnfagi0ac8j9552ae0fuu7%3Ast%3A1747744817&t=gdpr(14)ti(1)-148 into controller OpenModems
2025-05-20 16:40:18,590 INFO o.a.j.p.h.p.ProxyControl: Add sample OpenModems/webvisor/26851668?wv-part=18&wv-type=7&wmode=0&wv-hit=249275721&page-url=https%3A%2F%2Fmoscow.shop.megafon.ru%2Fmodems_routers&rn=19529796&browser-info=we%3A1%3Aet%3A1747744818%3Aw%3A1905x901%3Av%3A2040%3Az%3A240%3Ai%3A20250520164018%3Au%3A1739911235253772217%3Avf%3A91r6djxnfagi0ac8j9552ae0fuu7%3Ast%3A1747744818&t=gdpr(14)ti(1)-149 into controller OpenModems
2025-05-20 16:40:18,791 INFO o.a.j.p.h.p.ProxyControl: Add sample OpenModems/webvisor/26851668?wv-part=13&wv-type=7&wmode=0&wv-hit=249275721&page-url=https%3A%2F%2Fmoscow.shop.megafon.ru%2Fmodems_routers&rn=6124536&browser-info=bt%3A1%3Awe%3A1%3Aet%3A1747744819%3Aw%3A1905x901%3Av%3A2040%3Az%3A240%3Ai%3A20250520164018%3Au%3A1739911235253772217%3Avf%3A91r6djxnfagi0ac8j9552ae0fuu7%3Ast%3A1747744819&t=gdpr(14)ti(1)-150 into controller OpenModems
2025-05-20 16:40:20,708 INFO o.a.j.p.h.p.ProxyControl: Add sample OpenModems/webvisor/26851668?wv-part=19&wv-type=7&wmode=0&wv-hit=249275721&page-url=https%3A%2F%2Fmoscow.shop.megafon.ru%2Fmodems_routers&rn=613071708&browser-info=we%3A1%3Aet%3A1747744820%3Aw%3A1905x901%3Av%3A2040%3Az%3A240%3Ai%3A20250520164020%3Au%3A1739911235253772217%3Avf%3A91r6djxnfagi0ac8j9552ae0fuu7%3Ast%3A1747744820&t=gdpr(14)ti(1)-151 into controller OpenModems
2025-05-20 16:40:28,469 INFO o.a.j.p.h.p.ProxyControl: Add sample OpenModems/watch/26851704/1?page-url=btn%3A%2F%2Fmoscow.shop.megafon.ru%2F%3Fp%3D%253FAA8AAA1A1A1A%25C2%2589%26c%3D3086458668&page-ref=https%3A%2F%2Fmoscow.shop.megafon.ru%2Fmodems_routers&charset=utf-8&uah=chu%0A%22Chromium%22%3Bv%3D%22136%22%2C%22Google%20Chrome%22%3Bv%3D%22136%22%2C%22Not.A%2FBrand%22%3Bv%3D%2299%22%0Acha%0Ax86%0Achb%0A64%0Achf%0A136.0.7103.114%0Achl%0A%22Chromium%22%3Bv%3D%22136.0.7103.114%22%2C%22Google%20Chrome%22%3Bv%3D%22136.0.7103.114%22%2C%22Not.A%2FBrand%22%3Bv%3D%2299.0.0.0%22%0Achm%0A%3F0%0Achp%0AWindows%0Achv%0A10.0.0&hittoken=1747743589_07a67191d33698541338b497970274cb4b4e54553e8a16575a4afbd9bc78122b&browser-info=ar%3A1%3Avf%3A91r6djxnfagi0ac8j9552ae0fuu7%3Afu%3A3%3Aen%3Autf-8%3Ala%3Aru-RU%3Av%3A2040%3Acn%3A1%3Adp%3A1%3Als%3A182097413746%3Ahid%3A249275721%3Az%3A240%3Ai%3A20250520164028%3Aet%3A1747744828%3Ac%3A1%3Arn%3A244591072%3Arqn%3A536%3Au%3A1739911235253772217%3Aw%3A1905x901%3As%3A1920x1080x24%3Ask%3A1%3Awv%3A2%3Aco%3A0%3Acpf%3A1%3Aeu%3A0%3Ans%3A1747743585276%3Aadb%3A2%3App%3A3629563401%3Arqnl%3A1%3Ast%3A1747744828%3At%3A%D0%9C%D0%BE%D0%B4%D0%B5%D0%BC%D1%8B%20%D0%B8%20%D1%80%D0%BE%D1%83%D1%82%D0%B5%D1%80%D1%8B%20-%20%D0%BA%D1%83%D0%BF%D0%B8%D1%82%D1%8C%20%D0%BF%D0%BE%20%D0%B2%D1%8B%D0%B3%D0%BE%D0%B4%D0%BD%D0%BE%D0%B9%20%D1%86%D0%B5%D0%BD%D0%B5%20%D0%B2%20%D0%B8%D0%BD%D1%82%D0%B5%D1%80%D0%BD%D0%B5%D1%82-%D0%BC%D0%B0%D0%B3%D0%B0%D0%B7%D0%B8%D0%BD%D0%B5%20%D0%9C%D0%B5%D0%B3%D0%B0%D0%A4%D0%BE%D0%BD%D0%B0%20%D0%B2%20%D0%9C%D0%BE%D1%81%D0%BA%D0%B2%D0%B5&t=gdpr(14)mc(ex-16-p-4)clc(6-275-456)rqnt(6)aw(1)rcm(0)ecs(0)cdl(na)eco(42542592)dss(1)oms(0)ti(0)&force-urlencoded=1&site-info=%7B%22__ym%22%3A%7B%22ite%22%3A1%7D%7D-152 into controller OpenModems
2025-05-20 16:40:28,474 INFO o.a.j.p.h.p.ProxyControl: Add sample OpenModems/clmap/26851668-153 into controller OpenModems
2025-05-20 16:40:28,477 INFO o.a.j.p.h.p.ProxyControl: Add sample OpenModems/clmap/26851704-154 into controller OpenModems
2025-05-20 16:40:28,480 INFO o.a.j.p.h.p.ProxyControl: Add sample OpenModems/catalog/v1/showcases/1/branches/3/gss/5/goods?eshopId=20&offset=0-155 into controller OpenModems
2025-05-20 16:40:28,482 INFO o.a.j.p.h.p.ProxyControl: Add sample OpenModems/pixel.gif-156 into controller OpenModems
2025-05-20 16:40:28,683 INFO o.a.j.p.h.p.ProxyControl: Add sample OpenModems/webvisor/26851668?wv-part=20&wv-type=7&wmode=0&wv-hit=249275721&page-url=https%3A%2F%2Fmoscow.shop.megafon.ru%2Fmodems_routers%3Ffilters%3D%257B%2522specs%2522%253A%257B%25222%2522%253A%255B%25227912%2522%255D%257D%257D%26page%3D1&rn=93466307&browser-info=we%3A1%3Aet%3A1747744828%3Aw%3A1905x901%3Av%3A2040%3Az%3A240%3Ai%3A20250520164028%3Au%3A1739911235253772217%3Avf%3A91r6djxnfagi0ac8j9552ae0fuu7%3Ast%3A1747744828&t=gdpr(14)ti(1)-158 into controller OpenModems
2025-05-20 16:40:29,303 INFO o.a.j.p.h.p.ProxyControl: Add sample OpenModems/catalog/v1/showcases/1/branches/3/gss/5/goods?eshopId=20&offset=0-157 into controller OpenModems
2025-05-20 16:40:29,518 INFO o.a.j.p.h.p.ProxyControl: Add sample OpenModems/images/200/goods/1326/132639_original_front.png-160 into controller OpenModems
2025-05-20 16:40:29,521 INFO o.a.j.p.h.p.ProxyControl: Add sample OpenModems/images/200/goods/1431/143113_original_front.png-159 into controller OpenModems
2025-05-20 16:40:29,522 INFO o.a.j.p.h.p.ProxyControl: Add sample OpenModems/images/200/goods/1431/143112_original_front.png-161 into controller OpenModems
2025-05-20 16:40:29,524 INFO o.a.j.p.h.p.ProxyControl: Add sample OpenModems/images/200/goods/834/83496_original_front.png-162 into controller OpenModems
2025-05-20 16:40:29,526 INFO o.a.j.p.h.p.ProxyControl: Add sample OpenModems/images/200/goods/1325/132582_original_front.png-164 into controller OpenModems
2025-05-20 16:40:29,527 INFO o.a.j.p.h.p.ProxyControl: Add sample OpenModems/images/200/goods/836/83655_original_front.png-163 into controller OpenModems
2025-05-20 16:40:29,732 INFO o.a.j.p.h.p.ProxyControl: Add sample OpenModems/images/goods/img/stub.png-173 into controller OpenModems
2025-05-20 16:40:29,734 INFO o.a.j.p.h.p.ProxyControl: Add sample OpenModems/images/200/goods/517/51704_original_front.png-172 into controller OpenModems
2025-05-20 16:40:29,736 INFO o.a.j.p.h.p.ProxyControl: Add sample OpenModems/images/200/goods/1447/144753_original_front.png-169 into controller OpenModems
2025-05-20 16:40:29,738 INFO o.a.j.p.h.p.ProxyControl: Add sample OpenModems/images/200/goods/1169/116983_original_front.png-171 into controller OpenModems
2025-05-20 16:40:29,947 INFO o.a.j.p.h.p.ProxyControl: Add sample OpenModems/modems_routers/143112-168 into controller OpenModems
2025-05-20 16:40:29,950 INFO o.a.j.p.h.p.ProxyControl: Add sample OpenModems/images/200/goods/1430/143095_original_front.png-170 into controller OpenModems
2025-05-20 16:40:29,952 INFO o.a.j.p.h.p.ProxyControl: Add sample OpenModems/modems_routers/143113-166 into controller OpenModems
2025-05-20 16:40:29,953 INFO o.a.j.p.h.p.ProxyControl: Add sample OpenModems/modems_routers/132639-167 into controller OpenModems
2025-05-20 16:40:29,955 INFO o.a.j.p.h.p.ProxyControl: Add sample OpenModems/modems_routers/153939-165 into controller OpenModems
2025-05-20 16:40:30,779 INFO o.a.j.p.h.p.ProxyControl: Add sample OpenModems/webvisor/26851668?wv-part=21&wv-type=7&wmode=0&wv-hit=249275721&page-url=https%3A%2F%2Fmoscow.shop.megafon.ru%2Fmodems_routers%3Ffilters%3D%257B%2522specs%2522%253A%257B%25222%2522%253A%255B%25227912%2522%255D%257D%257D%26page%3D1&rn=245529309&browser-info=we%3A1%3Aet%3A1747744830%3Aw%3A1905x901%3Av%3A2040%3Az%3A240%3Ai%3A20250520164030%3Au%3A1739911235253772217%3Avf%3A91r6djxnfagi0ac8j9552ae0fuu7%3Ast%3A1747744830&t=gdpr(14)ti(1)-174 into controller OpenModems
2025-05-20 16:40:33,506 INFO o.a.j.p.h.p.Daemon: HTTP(S) Test Script Recorder stopped
2025-05-21 03:30:15,423 INFO o.a.j.e.StandardJMeterEngine: Running the test!
2025-05-21 03:30:15,424 INFO o.a.j.s.SampleEvent: List of sample_variables: []
2025-05-21 03:30:15,428 INFO o.a.j.g.u.JMeterMenuBar: setRunning(true, *local*)
2025-05-21 03:30:15,484 INFO o.a.j.e.StandardJMeterEngine: Starting ThreadGroup: 1 : Thread Group
2025-05-21 03:30:15,484 INFO o.a.j.e.StandardJMeterEngine: Starting 1 threads for group Thread Group.
2025-05-21 03:30:15,485 INFO o.a.j.e.StandardJMeterEngine: Thread will continue on error
2025-05-21 03:30:15,485 INFO o.a.j.t.ThreadGroup: Starting thread group... number=1 threads=1 ramp-up=1 delayedStart=false
2025-05-21 03:30:15,487 INFO o.a.j.t.ThreadGroup: Started thread group number 1
2025-05-21 03:30:15,487 INFO o.a.j.e.StandardJMeterEngine: All thread groups have been started
2025-05-21 03:30:15,494 INFO o.a.j.t.JMeterThread: Thread started: Thread Group 1-1
2025-05-21 03:30:15,496 INFO o.a.j.s.FileServer: Stored: \ModemsProd.csv
2025-05-21 03:31:00,327 WARN o.a.j.p.h.s.HTTPSamplerBase: Existing CookieManager HTTP Cookie Manager superseded by HTTP Cookie Manager
2025-05-21 03:31:04,600 WARN o.a.j.p.h.s.HTTPSamplerBase: Existing CookieManager HTTP Cookie Manager superseded by HTTP Cookie Manager
2025-05-21 03:31:08,250 WARN o.a.j.p.h.s.HTTPSamplerBase: Existing CookieManager HTTP Cookie Manager superseded by HTTP Cookie Manager
2025-05-21 03:31:12,127 WARN o.a.j.p.h.s.HTTPSamplerBase: Existing CookieManager HTTP Cookie Manager superseded by HTTP Cookie Manager
2025-05-21 03:31:16,668 WARN o.a.j.p.h.s.HTTPSamplerBase: Existing CookieManager HTTP Cookie Manager superseded by HTTP Cookie Manager
2025-05-21 03:31:21,761 WARN o.a.j.p.h.s.HTTPSamplerBase: Existing CookieManager HTTP Cookie Manager superseded by HTTP Cookie Manager
2025-05-21 03:31:25,288 WARN o.a.j.p.h.s.HTTPSamplerBase: Existing CookieManager HTTP Cookie Manager superseded by HTTP Cookie Manager
2025-05-21 03:31:26,371 INFO o.a.j.g.a.Start: Stopping test
2025-05-21 03:31:26,382 INFO o.a.j.t.JMeterThread: Stopping: Thread Group 1-1
2025-05-21 03:31:26,383 WARN o.a.j.t.JMeterThread: The delay timer was interrupted - probably did not wait as long as intended.
2025-05-21 03:31:26,383 INFO o.a.j.t.JMeterThread: Thread finished: Thread Group 1-1
2025-05-21 03:31:26,384 INFO o.a.j.e.StandardJMeterEngine: Notifying test listeners of end of test
2025-05-21 03:31:26,384 INFO o.a.j.s.FileServer: Close: \ModemsProd.csv
2025-05-21 03:31:26,385 INFO o.a.j.g.u.JMeterMenuBar: setRunning(false, *local*)
2025-05-21 03:34:54,506 INFO o.a.j.g.a.t.TemplateManager: Reading templates from: C:\Users\Frostyvis\Desktop\LoadTesting\apache-jmeter-5.6.3\apache-jmeter-5.6.3\bin\templates\templates.xml
2025-05-21 03:35:00,851 INFO o.a.j.g.a.Load: Loading file: C:\Users\Frostyvis\Desktop\LoadTesting\BalanovMegafon\MegafonLT\new\includes\mobile\mobile.jmx
2025-05-21 03:35:00,851 INFO o.a.j.s.FileServer: Set new base='C:\Users\Frostyvis\Desktop\LoadTesting\BalanovMegafon\MegafonLT\new\includes\mobile'
2025-05-21 03:35:00,851 INFO o.a.j.s.SaveService: Loading file: C:\Users\Frostyvis\Desktop\LoadTesting\BalanovMegafon\MegafonLT\new\includes\mobile\mobile.jmx
2025-05-21 03:35:00,992 INFO o.a.j.r.ClassFinder: Will scan jar C:\Users\Frostyvis\Desktop\LoadTesting\apache-jmeter-5.6.3\apache-jmeter-5.6.3\lib\ext\bcpkix-jdk18on-1.80.jar with filter ExtendsClassFilter [parents=[interface org.apache.jmeter.visualizers.ResultRenderer], inner=false, contains=null, notContains=null]. Consider exposing JMeter plugins via META-INF/services, and add JMeter-Skip-Class-Scanning=true manifest attribute so JMeter can skip classfile scanning
2025-05-21 03:35:01,000 INFO o.a.j.r.ClassFinder: Will scan jar C:\Users\Frostyvis\Desktop\LoadTesting\apache-jmeter-5.6.3\apache-jmeter-5.6.3\lib\ext\bcprov-jdk18on-1.80.jar with filter ExtendsClassFilter [parents=[interface org.apache.jmeter.visualizers.ResultRenderer], inner=false, contains=null, notContains=null]. Consider exposing JMeter plugins via META-INF/services, and add JMeter-Skip-Class-Scanning=true manifest attribute so JMeter can skip classfile scanning
2025-05-21 03:35:01,112 INFO o.a.j.r.ClassFinder: Will scan jar C:\Users\Frostyvis\Desktop\LoadTesting\apache-jmeter-5.6.3\apache-jmeter-5.6.3\lib\ext\jmeter-plugins-casutg-3.0.jar with filter ExtendsClassFilter [parents=[interface org.apache.jmeter.visualizers.ResultRenderer], inner=false, contains=null, notContains=null]. Consider exposing JMeter plugins via META-INF/services, and add JMeter-Skip-Class-Scanning=true manifest attribute so JMeter can skip classfile scanning
2025-05-21 03:35:01,114 INFO o.a.j.r.ClassFinder: Will scan jar C:\Users\Frostyvis\Desktop\LoadTesting\apache-jmeter-5.6.3\apache-jmeter-5.6.3\lib\ext\jmeter-plugins-manager-1.10.jar with filter ExtendsClassFilter [parents=[interface org.apache.jmeter.visualizers.ResultRenderer], inner=false, contains=null, notContains=null]. Consider exposing JMeter plugins via META-INF/services, and add JMeter-Skip-Class-Scanning=true manifest attribute so JMeter can skip classfile scanning
2025-05-21 03:35:01,125 INFO o.a.j.r.ClassFinder: Will scan jar C:\Users\Frostyvis\Desktop\LoadTesting\apache-jmeter-5.6.3\apache-jmeter-5.6.3\lib\ext\bcpkix-jdk18on-1.80.jar with filter ExtendsClassFilter [parents=[interface org.apache.jmeter.visualizers.RequestView], inner=false, contains=null, notContains=null]. Consider exposing JMeter plugins via META-INF/services, and add JMeter-Skip-Class-Scanning=true manifest attribute so JMeter can skip classfile scanning
2025-05-21 03:35:01,131 INFO o.a.j.r.ClassFinder: Will scan jar C:\Users\Frostyvis\Desktop\LoadTesting\apache-jmeter-5.6.3\apache-jmeter-5.6.3\lib\ext\bcprov-jdk18on-1.80.jar with filter ExtendsClassFilter [parents=[interface org.apache.jmeter.visualizers.RequestView], inner=false, contains=null, notContains=null]. Consider exposing JMeter plugins via META-INF/services, and add JMeter-Skip-Class-Scanning=true manifest attribute so JMeter can skip classfile scanning
2025-05-21 03:35:01,222 INFO o.a.j.r.ClassFinder: Will scan jar C:\Users\Frostyvis\Desktop\LoadTesting\apache-jmeter-5.6.3\apache-jmeter-5.6.3\lib\ext\jmeter-plugins-casutg-3.0.jar with filter ExtendsClassFilter [parents=[interface org.apache.jmeter.visualizers.RequestView], inner=false, contains=null, notContains=null]. Consider exposing JMeter plugins via META-INF/services, and add JMeter-Skip-Class-Scanning=true manifest attribute so JMeter can skip classfile scanning
2025-05-21 03:35:01,223 INFO o.a.j.r.ClassFinder: Will scan jar C:\Users\Frostyvis\Desktop\LoadTesting\apache-jmeter-5.6.3\apache-jmeter-5.6.3\lib\ext\jmeter-plugins-manager-1.10.jar with filter ExtendsClassFilter [parents=[interface org.apache.jmeter.visualizers.RequestView], inner=false, contains=null, notContains=null]. Consider exposing JMeter plugins via META-INF/services, and add JMeter-Skip-Class-Scanning=true manifest attribute so JMeter can skip classfile scanning
2025-05-21 03:35:01,298 INFO o.a.j.r.ClassFinder: Will scan jar C:\Users\Frostyvis\Desktop\LoadTesting\apache-jmeter-5.6.3\apache-jmeter-5.6.3\lib\ext\bcpkix-jdk18on-1.80.jar with filter ExtendsClassFilter [parents=[interface org.apache.jmeter.visualizers.ResultRenderer], inner=false, contains=null, notContains=null]. Consider exposing JMeter plugins via META-INF/services, and add JMeter-Skip-Class-Scanning=true manifest attribute so JMeter can skip classfile scanning
2025-05-21 03:35:01,303 INFO o.a.j.r.ClassFinder: Will scan jar C:\Users\Frostyvis\Desktop\LoadTesting\apache-jmeter-5.6.3\apache-jmeter-5.6.3\lib\ext\bcprov-jdk18on-1.80.jar with filter ExtendsClassFilter [parents=[interface org.apache.jmeter.visualizers.ResultRenderer], inner=false, contains=null, notContains=null]. Consider exposing JMeter plugins via META-INF/services, and add JMeter-Skip-Class-Scanning=true manifest attribute so JMeter can skip classfile scanning
2025-05-21 03:35:01,392 INFO o.a.j.r.ClassFinder: Will scan jar C:\Users\Frostyvis\Desktop\LoadTesting\apache-jmeter-5.6.3\apache-jmeter-5.6.3\lib\ext\jmeter-plugins-casutg-3.0.jar with filter ExtendsClassFilter [parents=[interface org.apache.jmeter.visualizers.ResultRenderer], inner=false, contains=null, notContains=null]. Consider exposing JMeter plugins via META-INF/services, and add JMeter-Skip-Class-Scanning=true manifest attribute so JMeter can skip classfile scanning
2025-05-21 03:35:01,393 INFO o.a.j.r.ClassFinder: Will scan jar C:\Users\Frostyvis\Desktop\LoadTesting\apache-jmeter-5.6.3\apache-jmeter-5.6.3\lib\ext\jmeter-plugins-manager-1.10.jar with filter ExtendsClassFilter [parents=[interface org.apache.jmeter.visualizers.ResultRenderer], inner=false, contains=null, notContains=null]. Consider exposing JMeter plugins via META-INF/services, and add JMeter-Skip-Class-Scanning=true manifest attribute so JMeter can skip classfile scanning
2025-05-21 03:35:01,401 INFO o.a.j.r.ClassFinder: Will scan jar C:\Users\Frostyvis\Desktop\LoadTesting\apache-jmeter-5.6.3\apache-jmeter-5.6.3\lib\ext\bcpkix-jdk18on-1.80.jar with filter ExtendsClassFilter [parents=[interface org.apache.jmeter.visualizers.RequestView], inner=false, contains=null, notContains=null]. Consider exposing JMeter plugins via META-INF/services, and add JMeter-Skip-Class-Scanning=true manifest attribute so JMeter can skip classfile scanning
2025-05-21 03:35:01,407 INFO o.a.j.r.ClassFinder: Will scan jar C:\Users\Frostyvis\Desktop\LoadTesting\apache-jmeter-5.6.3\apache-jmeter-5.6.3\lib\ext\bcprov-jdk18on-1.80.jar with filter ExtendsClassFilter [parents=[interface org.apache.jmeter.visualizers.RequestView], inner=false, contains=null, notContains=null]. Consider exposing JMeter plugins via META-INF/services, and add JMeter-Skip-Class-Scanning=true manifest attribute so JMeter can skip classfile scanning
2025-05-21 03:35:01,491 INFO o.a.j.r.ClassFinder: Will scan jar C:\Users\Frostyvis\Desktop\LoadTesting\apache-jmeter-5.6.3\apache-jmeter-5.6.3\lib\ext\jmeter-plugins-casutg-3.0.jar with filter ExtendsClassFilter [parents=[interface org.apache.jmeter.visualizers.RequestView], inner=false, contains=null, notContains=null]. Consider exposing JMeter plugins via META-INF/services, and add JMeter-Skip-Class-Scanning=true manifest attribute so JMeter can skip classfile scanning
2025-05-21 03:35:01,492 INFO o.a.j.r.ClassFinder: Will scan jar C:\Users\Frostyvis\Desktop\LoadTesting\apache-jmeter-5.6.3\apache-jmeter-5.6.3\lib\ext\jmeter-plugins-manager-1.10.jar with filter ExtendsClassFilter [parents=[interface org.apache.jmeter.visualizers.RequestView], inner=false, contains=null, notContains=null]. Consider exposing JMeter plugins via META-INF/services, and add JMeter-Skip-Class-Scanning=true manifest attribute so JMeter can skip classfile scanning
2025-05-21 03:35:01,516 INFO o.a.j.s.FileServer: Set new base='C:\Users\Frostyvis\Desktop\LoadTesting\BalanovMegafon\MegafonLT\new\includes\mobile'
2025-05-21 03:36:09,651 INFO o.a.j.g.a.Load: Loading file: C:\Users\Frostyvis\Desktop\LoadTesting\BalanovMegafon\MegafonLT\new\includes\modems\modems.jmx
2025-05-21 03:36:09,651 INFO o.a.j.s.FileServer: Set new base='C:\Users\Frostyvis\Desktop\LoadTesting\BalanovMegafon\MegafonLT\new\includes\modems'
2025-05-21 03:36:09,651 INFO o.a.j.s.SaveService: Loading file: C:\Users\Frostyvis\Desktop\LoadTesting\BalanovMegafon\MegafonLT\new\includes\modems\modems.jmx
2025-05-21 03:36:09,750 INFO o.a.j.r.ClassFinder: Will scan jar C:\Users\Frostyvis\Desktop\LoadTesting\apache-jmeter-5.6.3\apache-jmeter-5.6.3\lib\ext\bcpkix-jdk18on-1.80.jar with filter ExtendsClassFilter [parents=[interface org.apache.jmeter.visualizers.ResultRenderer], inner=false, contains=null, notContains=null]. Consider exposing JMeter plugins via META-INF/services, and add JMeter-Skip-Class-Scanning=true manifest attribute so JMeter can skip classfile scanning
2025-05-21 03:36:09,755 INFO o.a.j.r.ClassFinder: Will scan jar C:\Users\Frostyvis\Desktop\LoadTesting\apache-jmeter-5.6.3\apache-jmeter-5.6.3\lib\ext\bcprov-jdk18on-1.80.jar with filter ExtendsClassFilter [parents=[interface org.apache.jmeter.visualizers.ResultRenderer], inner=false, contains=null, notContains=null]. Consider exposing JMeter plugins via META-INF/services, and add JMeter-Skip-Class-Scanning=true manifest attribute so JMeter can skip classfile scanning
2025-05-21 03:36:09,839 INFO o.a.j.r.ClassFinder: Will scan jar C:\Users\Frostyvis\Desktop\LoadTesting\apache-jmeter-5.6.3\apache-jmeter-5.6.3\lib\ext\jmeter-plugins-casutg-3.0.jar with filter ExtendsClassFilter [parents=[interface org.apache.jmeter.visualizers.ResultRenderer], inner=false, contains=null, notContains=null]. Consider exposing JMeter plugins via META-INF/services, and add JMeter-Skip-Class-Scanning=true manifest attribute so JMeter can skip classfile scanning
2025-05-21 03:36:09,840 INFO o.a.j.r.ClassFinder: Will scan jar C:\Users\Frostyvis\Desktop\LoadTesting\apache-jmeter-5.6.3\apache-jmeter-5.6.3\lib\ext\jmeter-plugins-manager-1.10.jar with filter ExtendsClassFilter [parents=[interface org.apache.jmeter.visualizers.ResultRenderer], inner=false, contains=null, notContains=null]. Consider exposing JMeter plugins via META-INF/services, and add JMeter-Skip-Class-Scanning=true manifest attribute so JMeter can skip classfile scanning
2025-05-21 03:36:09,848 INFO o.a.j.r.ClassFinder: Will scan jar C:\Users\Frostyvis\Desktop\LoadTesting\apache-jmeter-5.6.3\apache-jmeter-5.6.3\lib\ext\bcpkix-jdk18on-1.80.jar with filter ExtendsClassFilter [parents=[interface org.apache.jmeter.visualizers.RequestView], inner=false, contains=null, notContains=null]. Consider exposing JMeter plugins via META-INF/services, and add JMeter-Skip-Class-Scanning=true manifest attribute so JMeter can skip classfile scanning
2025-05-21 03:36:09,853 INFO o.a.j.r.ClassFinder: Will scan jar C:\Users\Frostyvis\Desktop\LoadTesting\apache-jmeter-5.6.3\apache-jmeter-5.6.3\lib\ext\bcprov-jdk18on-1.80.jar with filter ExtendsClassFilter [parents=[interface org.apache.jmeter.visualizers.RequestView], inner=false, contains=null, notContains=null]. Consider exposing JMeter plugins via META-INF/services, and add JMeter-Skip-Class-Scanning=true manifest attribute so JMeter can skip classfile scanning
2025-05-21 03:36:09,939 INFO o.a.j.r.ClassFinder: Will scan jar C:\Users\Frostyvis\Desktop\LoadTesting\apache-jmeter-5.6.3\apache-jmeter-5.6.3\lib\ext\jmeter-plugins-casutg-3.0.jar with filter ExtendsClassFilter [parents=[interface org.apache.jmeter.visualizers.RequestView], inner=false, contains=null, notContains=null]. Consider exposing JMeter plugins via META-INF/services, and add JMeter-Skip-Class-Scanning=true manifest attribute so JMeter can skip classfile scanning
2025-05-21 03:36:09,940 INFO o.a.j.r.ClassFinder: Will scan jar C:\Users\Frostyvis\Desktop\LoadTesting\apache-jmeter-5.6.3\apache-jmeter-5.6.3\lib\ext\jmeter-plugins-manager-1.10.jar with filter ExtendsClassFilter [parents=[interface org.apache.jmeter.visualizers.RequestView], inner=false, contains=null, notContains=null]. Consider exposing JMeter plugins via META-INF/services, and add JMeter-Skip-Class-Scanning=true manifest attribute so JMeter can skip classfile scanning
2025-05-21 03:36:09,991 INFO o.a.j.r.ClassFinder: Will scan jar C:\Users\Frostyvis\Desktop\LoadTesting\apache-jmeter-5.6.3\apache-jmeter-5.6.3\lib\ext\bcpkix-jdk18on-1.80.jar with filter ExtendsClassFilter [parents=[interface org.apache.jmeter.visualizers.ResultRenderer], inner=false, contains=null, notContains=null]. Consider exposing JMeter plugins via META-INF/services, and add JMeter-Skip-Class-Scanning=true manifest attribute so JMeter can skip classfile scanning
2025-05-21 03:36:09,997 INFO o.a.j.r.ClassFinder: Will scan jar C:\Users\Frostyvis\Desktop\LoadTesting\apache-jmeter-5.6.3\apache-jmeter-5.6.3\lib\ext\bcprov-jdk18on-1.80.jar with filter ExtendsClassFilter [parents=[interface org.apache.jmeter.visualizers.ResultRenderer], inner=false, contains=null, notContains=null]. Consider exposing JMeter plugins via META-INF/services, and add JMeter-Skip-Class-Scanning=true manifest attribute so JMeter can skip classfile scanning
2025-05-21 03:36:10,082 INFO o.a.j.r.ClassFinder: Will scan jar C:\Users\Frostyvis\Desktop\LoadTesting\apache-jmeter-5.6.3\apache-jmeter-5.6.3\lib\ext\jmeter-plugins-casutg-3.0.jar with filter ExtendsClassFilter [parents=[interface org.apache.jmeter.visualizers.ResultRenderer], inner=false, contains=null, notContains=null]. Consider exposing JMeter plugins via META-INF/services, and add JMeter-Skip-Class-Scanning=true manifest attribute so JMeter can skip classfile scanning
2025-05-21 03:36:10,083 INFO o.a.j.r.ClassFinder: Will scan jar C:\Users\Frostyvis\Desktop\LoadTesting\apache-jmeter-5.6.3\apache-jmeter-5.6.3\lib\ext\jmeter-plugins-manager-1.10.jar with filter ExtendsClassFilter [parents=[interface org.apache.jmeter.visualizers.ResultRenderer], inner=false, contains=null, notContains=null]. Consider exposing JMeter plugins via META-INF/services, and add JMeter-Skip-Class-Scanning=true manifest attribute so JMeter can skip classfile scanning
2025-05-21 03:36:10,091 INFO o.a.j.r.ClassFinder: Will scan jar C:\Users\Frostyvis\Desktop\LoadTesting\apache-jmeter-5.6.3\apache-jmeter-5.6.3\lib\ext\bcpkix-jdk18on-1.80.jar with filter ExtendsClassFilter [parents=[interface org.apache.jmeter.visualizers.RequestView], inner=false, contains=null, notContains=null]. Consider exposing JMeter plugins via META-INF/services, and add JMeter-Skip-Class-Scanning=true manifest attribute so JMeter can skip classfile scanning
2025-05-21 03:36:10,096 INFO o.a.j.r.ClassFinder: Will scan jar C:\Users\Frostyvis\Desktop\LoadTesting\apache-jmeter-5.6.3\apache-jmeter-5.6.3\lib\ext\bcprov-jdk18on-1.80.jar with filter ExtendsClassFilter [parents=[interface org.apache.jmeter.visualizers.RequestView], inner=false, contains=null, notContains=null]. Consider exposing JMeter plugins via META-INF/services, and add JMeter-Skip-Class-Scanning=true manifest attribute so JMeter can skip classfile scanning
2025-05-21 03:36:10,180 INFO o.a.j.r.ClassFinder: Will scan jar C:\Users\Frostyvis\Desktop\LoadTesting\apache-jmeter-5.6.3\apache-jmeter-5.6.3\lib\ext\jmeter-plugins-casutg-3.0.jar with filter ExtendsClassFilter [parents=[interface org.apache.jmeter.visualizers.RequestView], inner=false, contains=null, notContains=null]. Consider exposing JMeter plugins via META-INF/services, and add JMeter-Skip-Class-Scanning=true manifest attribute so JMeter can skip classfile scanning
2025-05-21 03:36:10,181 INFO o.a.j.r.ClassFinder: Will scan jar C:\Users\Frostyvis\Desktop\LoadTesting\apache-jmeter-5.6.3\apache-jmeter-5.6.3\lib\ext\jmeter-plugins-manager-1.10.jar with filter ExtendsClassFilter [parents=[interface org.apache.jmeter.visualizers.RequestView], inner=false, contains=null, notContains=null]. Consider exposing JMeter plugins via META-INF/services, and add JMeter-Skip-Class-Scanning=true manifest attribute so JMeter can skip classfile scanning
2025-05-21 03:36:10,202 INFO o.a.j.s.FileServer: Set new base='C:\Users\Frostyvis\Desktop\LoadTesting\BalanovMegafon\MegafonLT\new\includes\modems'
2025-05-21 03:44:15,199 INFO o.a.j.g.a.Load: Loading file: C:\Users\Frostyvis\Desktop\LoadTesting\BalanovMegafon\MegafonLT\new\includes\mobile\mobile.jmx
2025-05-21 03:44:15,199 INFO o.a.j.s.FileServer: Set new base='C:\Users\Frostyvis\Desktop\LoadTesting\BalanovMegafon\MegafonLT\new\includes\mobile'
2025-05-21 03:44:15,199 INFO o.a.j.s.SaveService: Loading file: C:\Users\Frostyvis\Desktop\LoadTesting\BalanovMegafon\MegafonLT\new\includes\mobile\mobile.jmx
2025-05-21 03:44:15,275 INFO o.a.j.r.ClassFinder: Will scan jar C:\Users\Frostyvis\Desktop\LoadTesting\apache-jmeter-5.6.3\apache-jmeter-5.6.3\lib\ext\bcpkix-jdk18on-1.80.jar with filter ExtendsClassFilter [parents=[interface org.apache.jmeter.visualizers.ResultRenderer], inner=false, contains=null, notContains=null]. Consider exposing JMeter plugins via META-INF/services, and add JMeter-Skip-Class-Scanning=true manifest attribute so JMeter can skip classfile scanning
2025-05-21 03:44:15,281 INFO o.a.j.r.ClassFinder: Will scan jar C:\Users\Frostyvis\Desktop\LoadTesting\apache-jmeter-5.6.3\apache-jmeter-5.6.3\lib\ext\bcprov-jdk18on-1.80.jar with filter ExtendsClassFilter [parents=[interface org.apache.jmeter.visualizers.ResultRenderer], inner=false, contains=null, notContains=null]. Consider exposing JMeter plugins via META-INF/services, and add JMeter-Skip-Class-Scanning=true manifest attribute so JMeter can skip classfile scanning
2025-05-21 03:44:15,364 INFO o.a.j.r.ClassFinder: Will scan jar C:\Users\Frostyvis\Desktop\LoadTesting\apache-jmeter-5.6.3\apache-jmeter-5.6.3\lib\ext\jmeter-plugins-casutg-3.0.jar with filter ExtendsClassFilter [parents=[interface org.apache.jmeter.visualizers.ResultRenderer], inner=false, contains=null, notContains=null]. Consider exposing JMeter plugins via META-INF/services, and add JMeter-Skip-Class-Scanning=true manifest attribute so JMeter can skip classfile scanning
2025-05-21 03:44:15,365 INFO o.a.j.r.ClassFinder: Will scan jar C:\Users\Frostyvis\Desktop\LoadTesting\apache-jmeter-5.6.3\apache-jmeter-5.6.3\lib\ext\jmeter-plugins-manager-1.10.jar with filter ExtendsClassFilter [parents=[interface org.apache.jmeter.visualizers.ResultRenderer], inner=false, contains=null, notContains=null]. Consider exposing JMeter plugins via META-INF/services, and add JMeter-Skip-Class-Scanning=true manifest attribute so JMeter can skip classfile scanning
2025-05-21 03:44:15,372 INFO o.a.j.r.ClassFinder: Will scan jar C:\Users\Frostyvis\Desktop\LoadTesting\apache-jmeter-5.6.3\apache-jmeter-5.6.3\lib\ext\bcpkix-jdk18on-1.80.jar with filter ExtendsClassFilter [parents=[interface org.apache.jmeter.visualizers.RequestView], inner=false, contains=null, notContains=null]. Consider exposing JMeter plugins via META-INF/services, and add JMeter-Skip-Class-Scanning=true manifest attribute so JMeter can skip classfile scanning
2025-05-21 03:44:15,377 INFO o.a.j.r.ClassFinder: Will scan jar C:\Users\Frostyvis\Desktop\LoadTesting\apache-jmeter-5.6.3\apache-jmeter-5.6.3\lib\ext\bcprov-jdk18on-1.80.jar with filter ExtendsClassFilter [parents=[interface org.apache.jmeter.visualizers.RequestView], inner=false, contains=null, notContains=null]. Consider exposing JMeter plugins via META-INF/services, and add JMeter-Skip-Class-Scanning=true manifest attribute so JMeter can skip classfile scanning
2025-05-21 03:44:15,462 INFO o.a.j.r.ClassFinder: Will scan jar C:\Users\Frostyvis\Desktop\LoadTesting\apache-jmeter-5.6.3\apache-jmeter-5.6.3\lib\ext\jmeter-plugins-casutg-3.0.jar with filter ExtendsClassFilter [parents=[interface org.apache.jmeter.visualizers.RequestView], inner=false, contains=null, notContains=null]. Consider exposing JMeter plugins via META-INF/services, and add JMeter-Skip-Class-Scanning=true manifest attribute so JMeter can skip classfile scanning
2025-05-21 03:44:15,463 INFO o.a.j.r.ClassFinder: Will scan jar C:\Users\Frostyvis\Desktop\LoadTesting\apache-jmeter-5.6.3\apache-jmeter-5.6.3\lib\ext\jmeter-plugins-manager-1.10.jar with filter ExtendsClassFilter [parents=[interface org.apache.jmeter.visualizers.RequestView], inner=false, contains=null, notContains=null]. Consider exposing JMeter plugins via META-INF/services, and add JMeter-Skip-Class-Scanning=true manifest attribute so JMeter can skip classfile scanning
2025-05-21 03:44:15,510 INFO o.a.j.r.ClassFinder: Will scan jar C:\Users\Frostyvis\Desktop\LoadTesting\apache-jmeter-5.6.3\apache-jmeter-5.6.3\lib\ext\bcpkix-jdk18on-1.80.jar with filter ExtendsClassFilter [parents=[interface org.apache.jmeter.visualizers.ResultRenderer], inner=false, contains=null, notContains=null]. Consider exposing JMeter plugins via META-INF/services, and add JMeter-Skip-Class-Scanning=true manifest attribute so JMeter can skip classfile scanning
2025-05-21 03:44:15,516 INFO o.a.j.r.ClassFinder: Will scan jar C:\Users\Frostyvis\Desktop\LoadTesting\apache-jmeter-5.6.3\apache-jmeter-5.6.3\lib\ext\bcprov-jdk18on-1.80.jar with filter ExtendsClassFilter [parents=[interface org.apache.jmeter.visualizers.ResultRenderer], inner=false, contains=null, notContains=null]. Consider exposing JMeter plugins via META-INF/services, and add JMeter-Skip-Class-Scanning=true manifest attribute so JMeter can skip classfile scanning
2025-05-21 03:44:15,599 INFO o.a.j.r.ClassFinder: Will scan jar C:\Users\Frostyvis\Desktop\LoadTesting\apache-jmeter-5.6.3\apache-jmeter-5.6.3\lib\ext\jmeter-plugins-casutg-3.0.jar with filter ExtendsClassFilter [parents=[interface org.apache.jmeter.visualizers.ResultRenderer], inner=false, contains=null, notContains=null]. Consider exposing JMeter plugins via META-INF/services, and add JMeter-Skip-Class-Scanning=true manifest attribute so JMeter can skip classfile scanning
2025-05-21 03:44:15,600 INFO o.a.j.r.ClassFinder: Will scan jar C:\Users\Frostyvis\Desktop\LoadTesting\apache-jmeter-5.6.3\apache-jmeter-5.6.3\lib\ext\jmeter-plugins-manager-1.10.jar with filter ExtendsClassFilter [parents=[interface org.apache.jmeter.visualizers.ResultRenderer], inner=false, contains=null, notContains=null]. Consider exposing JMeter plugins via META-INF/services, and add JMeter-Skip-Class-Scanning=true manifest attribute so JMeter can skip classfile scanning
2025-05-21 03:44:15,607 INFO o.a.j.r.ClassFinder: Will scan jar C:\Users\Frostyvis\Desktop\LoadTesting\apache-jmeter-5.6.3\apache-jmeter-5.6.3\lib\ext\bcpkix-jdk18on-1.80.jar with filter ExtendsClassFilter [parents=[interface org.apache.jmeter.visualizers.RequestView], inner=false, contains=null, notContains=null]. Consider exposing JMeter plugins via META-INF/services, and add JMeter-Skip-Class-Scanning=true manifest attribute so JMeter can skip classfile scanning
2025-05-21 03:44:15,612 INFO o.a.j.r.ClassFinder: Will scan jar C:\Users\Frostyvis\Desktop\LoadTesting\apache-jmeter-5.6.3\apache-jmeter-5.6.3\lib\ext\bcprov-jdk18on-1.80.jar with filter ExtendsClassFilter [parents=[interface org.apache.jmeter.visualizers.RequestView], inner=false, contains=null, notContains=null]. Consider exposing JMeter plugins via META-INF/services, and add JMeter-Skip-Class-Scanning=true manifest attribute so JMeter can skip classfile scanning
2025-05-21 03:44:15,694 INFO o.a.j.r.ClassFinder: Will scan jar C:\Users\Frostyvis\Desktop\LoadTesting\apache-jmeter-5.6.3\apache-jmeter-5.6.3\lib\ext\jmeter-plugins-casutg-3.0.jar with filter ExtendsClassFilter [parents=[interface org.apache.jmeter.visualizers.RequestView], inner=false, contains=null, notContains=null]. Consider exposing JMeter plugins via META-INF/services, and add JMeter-Skip-Class-Scanning=true manifest attribute so JMeter can skip classfile scanning
2025-05-21 03:44:15,695 INFO o.a.j.r.ClassFinder: Will scan jar C:\Users\Frostyvis\Desktop\LoadTesting\apache-jmeter-5.6.3\apache-jmeter-5.6.3\lib\ext\jmeter-plugins-manager-1.10.jar with filter ExtendsClassFilter [parents=[interface org.apache.jmeter.visualizers.RequestView], inner=false, contains=null, notContains=null]. Consider exposing JMeter plugins via META-INF/services, and add JMeter-Skip-Class-Scanning=true manifest attribute so JMeter can skip classfile scanning
2025-05-21 03:44:15,716 INFO o.a.j.s.FileServer: Set new base='C:\Users\Frostyvis\Desktop\LoadTesting\BalanovMegafon\MegafonLT\new\includes\mobile'
2025-05-21 03:45:51,543 INFO o.a.j.g.a.Load: Loading file: C:\Users\Frostyvis\Desktop\LoadTesting\BalanovMegafon\MegafonLT\new\includes\notebooks\notebooks.jmx
2025-05-21 03:45:51,543 INFO o.a.j.s.FileServer: Set new base='C:\Users\Frostyvis\Desktop\LoadTesting\BalanovMegafon\MegafonLT\new\includes\notebooks'
2025-05-21 03:45:51,543 INFO o.a.j.s.SaveService: Loading file: C:\Users\Frostyvis\Desktop\LoadTesting\BalanovMegafon\MegafonLT\new\includes\notebooks\notebooks.jmx
2025-05-21 03:45:51,621 INFO o.a.j.r.ClassFinder: Will scan jar C:\Users\Frostyvis\Desktop\LoadTesting\apache-jmeter-5.6.3\apache-jmeter-5.6.3\lib\ext\bcpkix-jdk18on-1.80.jar with filter ExtendsClassFilter [parents=[interface org.apache.jmeter.visualizers.ResultRenderer], inner=false, contains=null, notContains=null]. Consider exposing JMeter plugins via META-INF/services, and add JMeter-Skip-Class-Scanning=true manifest attribute so JMeter can skip classfile scanning
2025-05-21 03:45:51,626 INFO o.a.j.r.ClassFinder: Will scan jar C:\Users\Frostyvis\Desktop\LoadTesting\apache-jmeter-5.6.3\apache-jmeter-5.6.3\lib\ext\bcprov-jdk18on-1.80.jar with filter ExtendsClassFilter [parents=[interface org.apache.jmeter.visualizers.ResultRenderer], inner=false, contains=null, notContains=null]. Consider exposing JMeter plugins via META-INF/services, and add JMeter-Skip-Class-Scanning=true manifest attribute so JMeter can skip classfile scanning
2025-05-21 03:45:51,712 INFO o.a.j.r.ClassFinder: Will scan jar C:\Users\Frostyvis\Desktop\LoadTesting\apache-jmeter-5.6.3\apache-jmeter-5.6.3\lib\ext\jmeter-plugins-casutg-3.0.jar with filter ExtendsClassFilter [parents=[interface org.apache.jmeter.visualizers.ResultRenderer], inner=false, contains=null, notContains=null]. Consider exposing JMeter plugins via META-INF/services, and add JMeter-Skip-Class-Scanning=true manifest attribute so JMeter can skip classfile scanning
2025-05-21 03:45:51,713 INFO o.a.j.r.ClassFinder: Will scan jar C:\Users\Frostyvis\Desktop\LoadTesting\apache-jmeter-5.6.3\apache-jmeter-5.6.3\lib\ext\jmeter-plugins-manager-1.10.jar with filter ExtendsClassFilter [parents=[interface org.apache.jmeter.visualizers.ResultRenderer], inner=false, contains=null, notContains=null]. Consider exposing JMeter plugins via META-INF/services, and add JMeter-Skip-Class-Scanning=true manifest attribute so JMeter can skip classfile scanning
2025-05-21 03:45:51,721 INFO o.a.j.r.ClassFinder: Will scan jar C:\Users\Frostyvis\Desktop\LoadTesting\apache-jmeter-5.6.3\apache-jmeter-5.6.3\lib\ext\bcpkix-jdk18on-1.80.jar with filter ExtendsClassFilter [parents=[interface org.apache.jmeter.visualizers.RequestView], inner=false, contains=null, notContains=null]. Consider exposing JMeter plugins via META-INF/services, and add JMeter-Skip-Class-Scanning=true manifest attribute so JMeter can skip classfile scanning
2025-05-21 03:45:51,726 INFO o.a.j.r.ClassFinder: Will scan jar C:\Users\Frostyvis\Desktop\LoadTesting\apache-jmeter-5.6.3\apache-jmeter-5.6.3\lib\ext\bcprov-jdk18on-1.80.jar with filter ExtendsClassFilter [parents=[interface org.apache.jmeter.visualizers.RequestView], inner=false, contains=null, notContains=null]. Consider exposing JMeter plugins via META-INF/services, and add JMeter-Skip-Class-Scanning=true manifest attribute so JMeter can skip classfile scanning
2025-05-21 03:45:51,810 INFO o.a.j.r.ClassFinder: Will scan jar C:\Users\Frostyvis\Desktop\LoadTesting\apache-jmeter-5.6.3\apache-jmeter-5.6.3\lib\ext\jmeter-plugins-casutg-3.0.jar with filter ExtendsClassFilter [parents=[interface org.apache.jmeter.visualizers.RequestView], inner=false, contains=null, notContains=null]. Consider exposing JMeter plugins via META-INF/services, and add JMeter-Skip-Class-Scanning=true manifest attribute so JMeter can skip classfile scanning
2025-05-21 03:45:51,811 INFO o.a.j.r.ClassFinder: Will scan jar C:\Users\Frostyvis\Desktop\LoadTesting\apache-jmeter-5.6.3\apache-jmeter-5.6.3\lib\ext\jmeter-plugins-manager-1.10.jar with filter ExtendsClassFilter [parents=[interface org.apache.jmeter.visualizers.RequestView], inner=false, contains=null, notContains=null]. Consider exposing JMeter plugins via META-INF/services, and add JMeter-Skip-Class-Scanning=true manifest attribute so JMeter can skip classfile scanning
2025-05-21 03:45:51,857 INFO o.a.j.r.ClassFinder: Will scan jar C:\Users\Frostyvis\Desktop\LoadTesting\apache-jmeter-5.6.3\apache-jmeter-5.6.3\lib\ext\bcpkix-jdk18on-1.80.jar with filter ExtendsClassFilter [parents=[interface org.apache.jmeter.visualizers.ResultRenderer], inner=false, contains=null, notContains=null]. Consider exposing JMeter plugins via META-INF/services, and add JMeter-Skip-Class-Scanning=true manifest attribute so JMeter can skip classfile scanning
2025-05-21 03:45:51,862 INFO o.a.j.r.ClassFinder: Will scan jar C:\Users\Frostyvis\Desktop\LoadTesting\apache-jmeter-5.6.3\apache-jmeter-5.6.3\lib\ext\bcprov-jdk18on-1.80.jar with filter ExtendsClassFilter [parents=[interface org.apache.jmeter.visualizers.ResultRenderer], inner=false, contains=null, notContains=null]. Consider exposing JMeter plugins via META-INF/services, and add JMeter-Skip-Class-Scanning=true manifest attribute so JMeter can skip classfile scanning
2025-05-21 03:45:51,947 INFO o.a.j.r.ClassFinder: Will scan jar C:\Users\Frostyvis\Desktop\LoadTesting\apache-jmeter-5.6.3\apache-jmeter-5.6.3\lib\ext\jmeter-plugins-casutg-3.0.jar with filter ExtendsClassFilter [parents=[interface org.apache.jmeter.visualizers.ResultRenderer], inner=false, contains=null, notContains=null]. Consider exposing JMeter plugins via META-INF/services, and add JMeter-Skip-Class-Scanning=true manifest attribute so JMeter can skip classfile scanning
2025-05-21 03:45:51,948 INFO o.a.j.r.ClassFinder: Will scan jar C:\Users\Frostyvis\Desktop\LoadTesting\apache-jmeter-5.6.3\apache-jmeter-5.6.3\lib\ext\jmeter-plugins-manager-1.10.jar with filter ExtendsClassFilter [parents=[interface org.apache.jmeter.visualizers.ResultRenderer], inner=false, contains=null, notContains=null]. Consider exposing JMeter plugins via META-INF/services, and add JMeter-Skip-Class-Scanning=true manifest attribute so JMeter can skip classfile scanning
2025-05-21 03:45:51,954 INFO o.a.j.r.ClassFinder: Will scan jar C:\Users\Frostyvis\Desktop\LoadTesting\apache-jmeter-5.6.3\apache-jmeter-5.6.3\lib\ext\bcpkix-jdk18on-1.80.jar with filter ExtendsClassFilter [parents=[interface org.apache.jmeter.visualizers.RequestView], inner=false, contains=null, notContains=null]. Consider exposing JMeter plugins via META-INF/services, and add JMeter-Skip-Class-Scanning=true manifest attribute so JMeter can skip classfile scanning
2025-05-21 03:45:51,959 INFO o.a.j.r.ClassFinder: Will scan jar C:\Users\Frostyvis\Desktop\LoadTesting\apache-jmeter-5.6.3\apache-jmeter-5.6.3\lib\ext\bcprov-jdk18on-1.80.jar with filter ExtendsClassFilter [parents=[interface org.apache.jmeter.visualizers.RequestView], inner=false, contains=null, notContains=null]. Consider exposing JMeter plugins via META-INF/services, and add JMeter-Skip-Class-Scanning=true manifest attribute so JMeter can skip classfile scanning
2025-05-21 03:45:52,042 INFO o.a.j.r.ClassFinder: Will scan jar C:\Users\Frostyvis\Desktop\LoadTesting\apache-jmeter-5.6.3\apache-jmeter-5.6.3\lib\ext\jmeter-plugins-casutg-3.0.jar with filter ExtendsClassFilter [parents=[interface org.apache.jmeter.visualizers.RequestView], inner=false, contains=null, notContains=null]. Consider exposing JMeter plugins via META-INF/services, and add JMeter-Skip-Class-Scanning=true manifest attribute so JMeter can skip classfile scanning
2025-05-21 03:45:52,043 INFO o.a.j.r.ClassFinder: Will scan jar C:\Users\Frostyvis\Desktop\LoadTesting\apache-jmeter-5.6.3\apache-jmeter-5.6.3\lib\ext\jmeter-plugins-manager-1.10.jar with filter ExtendsClassFilter [parents=[interface org.apache.jmeter.visualizers.RequestView], inner=false, contains=null, notContains=null]. Consider exposing JMeter plugins via META-INF/services, and add JMeter-Skip-Class-Scanning=true manifest attribute so JMeter can skip classfile scanning
2025-05-21 03:45:52,062 INFO o.a.j.s.FileServer: Set new base='C:\Users\Frostyvis\Desktop\LoadTesting\BalanovMegafon\MegafonLT\new\includes\notebooks'
2025-05-21 04:19:01,902 INFO o.a.j.g.a.Load: Loading file: C:\Users\Frostyvis\Desktop\LoadTesting\BalanovMegafon\MegafonLT\new\includes\planshet\planshet.jmx
2025-05-21 04:19:01,902 INFO o.a.j.s.FileServer: Set new base='C:\Users\Frostyvis\Desktop\LoadTesting\BalanovMegafon\MegafonLT\new\includes\planshet'
2025-05-21 04:19:01,902 INFO o.a.j.s.SaveService: Loading file: C:\Users\Frostyvis\Desktop\LoadTesting\BalanovMegafon\MegafonLT\new\includes\planshet\planshet.jmx
2025-05-21 04:19:01,988 INFO o.a.j.r.ClassFinder: Will scan jar C:\Users\Frostyvis\Desktop\LoadTesting\apache-jmeter-5.6.3\apache-jmeter-5.6.3\lib\ext\bcpkix-jdk18on-1.80.jar with filter ExtendsClassFilter [parents=[interface org.apache.jmeter.visualizers.ResultRenderer], inner=false, contains=null, notContains=null]. Consider exposing JMeter plugins via META-INF/services, and add JMeter-Skip-Class-Scanning=true manifest attribute so JMeter can skip classfile scanning
2025-05-21 04:19:02,006 INFO o.a.j.r.ClassFinder: Will scan jar C:\Users\Frostyvis\Desktop\LoadTesting\apache-jmeter-5.6.3\apache-jmeter-5.6.3\lib\ext\bcprov-jdk18on-1.80.jar with filter ExtendsClassFilter [parents=[interface org.apache.jmeter.visualizers.ResultRenderer], inner=false, contains=null, notContains=null]. Consider exposing JMeter plugins via META-INF/services, and add JMeter-Skip-Class-Scanning=true manifest attribute so JMeter can skip classfile scanning
2025-05-21 04:19:02,121 INFO o.a.j.r.ClassFinder: Will scan jar C:\Users\Frostyvis\Desktop\LoadTesting\apache-jmeter-5.6.3\apache-jmeter-5.6.3\lib\ext\jmeter-plugins-casutg-3.0.jar with filter ExtendsClassFilter [parents=[interface org.apache.jmeter.visualizers.ResultRenderer], inner=false, contains=null, notContains=null]. Consider exposing JMeter plugins via META-INF/services, and add JMeter-Skip-Class-Scanning=true manifest attribute so JMeter can skip classfile scanning
2025-05-21 04:19:02,122 INFO o.a.j.r.ClassFinder: Will scan jar C:\Users\Frostyvis\Desktop\LoadTesting\apache-jmeter-5.6.3\apache-jmeter-5.6.3\lib\ext\jmeter-plugins-manager-1.10.jar with filter ExtendsClassFilter [parents=[interface org.apache.jmeter.visualizers.ResultRenderer], inner=false, contains=null, notContains=null]. Consider exposing JMeter plugins via META-INF/services, and add JMeter-Skip-Class-Scanning=true manifest attribute so JMeter can skip classfile scanning
2025-05-21 04:19:02,134 INFO o.a.j.r.ClassFinder: Will scan jar C:\Users\Frostyvis\Desktop\LoadTesting\apache-jmeter-5.6.3\apache-jmeter-5.6.3\lib\ext\bcpkix-jdk18on-1.80.jar with filter ExtendsClassFilter [parents=[interface org.apache.jmeter.visualizers.RequestView], inner=false, contains=null, notContains=null]. Consider exposing JMeter plugins via META-INF/services, and add JMeter-Skip-Class-Scanning=true manifest attribute so JMeter can skip classfile scanning
2025-05-21 04:19:02,139 INFO o.a.j.r.ClassFinder: Will scan jar C:\Users\Frostyvis\Desktop\LoadTesting\apache-jmeter-5.6.3\apache-jmeter-5.6.3\lib\ext\bcprov-jdk18on-1.80.jar with filter ExtendsClassFilter [parents=[interface org.apache.jmeter.visualizers.RequestView], inner=false, contains=null, notContains=null]. Consider exposing JMeter plugins via META-INF/services, and add JMeter-Skip-Class-Scanning=true manifest attribute so JMeter can skip classfile scanning
2025-05-21 04:19:02,229 INFO o.a.j.r.ClassFinder: Will scan jar C:\Users\Frostyvis\Desktop\LoadTesting\apache-jmeter-5.6.3\apache-jmeter-5.6.3\lib\ext\jmeter-plugins-casutg-3.0.jar with filter ExtendsClassFilter [parents=[interface org.apache.jmeter.visualizers.RequestView], inner=false, contains=null, notContains=null]. Consider exposing JMeter plugins via META-INF/services, and add JMeter-Skip-Class-Scanning=true manifest attribute so JMeter can skip classfile scanning
2025-05-21 04:19:02,230 INFO o.a.j.r.ClassFinder: Will scan jar C:\Users\Frostyvis\Desktop\LoadTesting\apache-jmeter-5.6.3\apache-jmeter-5.6.3\lib\ext\jmeter-plugins-manager-1.10.jar with filter ExtendsClassFilter [parents=[interface org.apache.jmeter.visualizers.RequestView], inner=false, contains=null, notContains=null]. Consider exposing JMeter plugins via META-INF/services, and add JMeter-Skip-Class-Scanning=true manifest attribute so JMeter can skip classfile scanning
2025-05-21 04:19:02,287 INFO o.a.j.r.ClassFinder: Will scan jar C:\Users\Frostyvis\Desktop\LoadTesting\apache-jmeter-5.6.3\apache-jmeter-5.6.3\lib\ext\bcpkix-jdk18on-1.80.jar with filter ExtendsClassFilter [parents=[interface org.apache.jmeter.visualizers.ResultRenderer], inner=false, contains=null, notContains=null]. Consider exposing JMeter plugins via META-INF/services, and add JMeter-Skip-Class-Scanning=true manifest attribute so JMeter can skip classfile scanning
2025-05-21 04:19:02,292 INFO o.a.j.r.ClassFinder: Will scan jar C:\Users\Frostyvis\Desktop\LoadTesting\apache-jmeter-5.6.3\apache-jmeter-5.6.3\lib\ext\bcprov-jdk18on-1.80.jar with filter ExtendsClassFilter [parents=[interface org.apache.jmeter.visualizers.ResultRenderer], inner=false, contains=null, notContains=null]. Consider exposing JMeter plugins via META-INF/services, and add JMeter-Skip-Class-Scanning=true manifest attribute so JMeter can skip classfile scanning
2025-05-21 04:19:02,381 INFO o.a.j.r.ClassFinder: Will scan jar C:\Users\Frostyvis\Desktop\LoadTesting\apache-jmeter-5.6.3\apache-jmeter-5.6.3\lib\ext\jmeter-plugins-casutg-3.0.jar with filter ExtendsClassFilter [parents=[interface org.apache.jmeter.visualizers.ResultRenderer], inner=false, contains=null, notContains=null]. Consider exposing JMeter plugins via META-INF/services, and add JMeter-Skip-Class-Scanning=true manifest attribute so JMeter can skip classfile scanning
2025-05-21 04:19:02,382 INFO o.a.j.r.ClassFinder: Will scan jar C:\Users\Frostyvis\Desktop\LoadTesting\apache-jmeter-5.6.3\apache-jmeter-5.6.3\lib\ext\jmeter-plugins-manager-1.10.jar with filter ExtendsClassFilter [parents=[interface org.apache.jmeter.visualizers.ResultRenderer], inner=false, contains=null, notContains=null]. Consider exposing JMeter plugins via META-INF/services, and add JMeter-Skip-Class-Scanning=true manifest attribute so JMeter can skip classfile scanning
2025-05-21 04:19:02,390 INFO o.a.j.r.ClassFinder: Will scan jar C:\Users\Frostyvis\Desktop\LoadTesting\apache-jmeter-5.6.3\apache-jmeter-5.6.3\lib\ext\bcpkix-jdk18on-1.80.jar with filter ExtendsClassFilter [parents=[interface org.apache.jmeter.visualizers.RequestView], inner=false, contains=null, notContains=null]. Consider exposing JMeter plugins via META-INF/services, and add JMeter-Skip-Class-Scanning=true manifest attribute so JMeter can skip classfile scanning
2025-05-21 04:19:02,395 INFO o.a.j.r.ClassFinder: Will scan jar C:\Users\Frostyvis\Desktop\LoadTesting\apache-jmeter-5.6.3\apache-jmeter-5.6.3\lib\ext\bcprov-jdk18on-1.80.jar with filter ExtendsClassFilter [parents=[interface org.apache.jmeter.visualizers.RequestView], inner=false, contains=null, notContains=null]. Consider exposing JMeter plugins via META-INF/services, and add JMeter-Skip-Class-Scanning=true manifest attribute so JMeter can skip classfile scanning
2025-05-21 04:19:02,481 INFO o.a.j.r.ClassFinder: Will scan jar C:\Users\Frostyvis\Desktop\LoadTesting\apache-jmeter-5.6.3\apache-jmeter-5.6.3\lib\ext\jmeter-plugins-casutg-3.0.jar with filter ExtendsClassFilter [parents=[interface org.apache.jmeter.visualizers.RequestView], inner=false, contains=null, notContains=null]. Consider exposing JMeter plugins via META-INF/services, and add JMeter-Skip-Class-Scanning=true manifest attribute so JMeter can skip classfile scanning
2025-05-21 04:19:02,482 INFO o.a.j.r.ClassFinder: Will scan jar C:\Users\Frostyvis\Desktop\LoadTesting\apache-jmeter-5.6.3\apache-jmeter-5.6.3\lib\ext\jmeter-plugins-manager-1.10.jar with filter ExtendsClassFilter [parents=[interface org.apache.jmeter.visualizers.RequestView], inner=false, contains=null, notContains=null]. Consider exposing JMeter plugins via META-INF/services, and add JMeter-Skip-Class-Scanning=true manifest attribute so JMeter can skip classfile scanning
2025-05-21 04:19:02,500 INFO o.a.j.s.FileServer: Set new base='C:\Users\Frostyvis\Desktop\LoadTesting\BalanovMegafon\MegafonLT\new\includes\planshet'
2025-05-21 04:45:21,945 INFO o.a.j.g.a.Load: Loading file: C:\Users\Frostyvis\Desktop\LoadTesting\BalanovMegafon\MegafonLT\new\includes\telephones\telephones.jmx
2025-05-21 04:45:21,945 INFO o.a.j.s.FileServer: Set new base='C:\Users\Frostyvis\Desktop\LoadTesting\BalanovMegafon\MegafonLT\new\includes\telephones'
2025-05-21 04:45:21,945 INFO o.a.j.s.SaveService: Loading file: C:\Users\Frostyvis\Desktop\LoadTesting\BalanovMegafon\MegafonLT\new\includes\telephones\telephones.jmx
2025-05-21 04:45:22,036 INFO o.a.j.r.ClassFinder: Will scan jar C:\Users\Frostyvis\Desktop\LoadTesting\apache-jmeter-5.6.3\apache-jmeter-5.6.3\lib\ext\bcpkix-jdk18on-1.80.jar with filter ExtendsClassFilter [parents=[interface org.apache.jmeter.visualizers.ResultRenderer], inner=false, contains=null, notContains=null]. Consider exposing JMeter plugins via META-INF/services, and add JMeter-Skip-Class-Scanning=true manifest attribute so JMeter can skip classfile scanning
2025-05-21 04:45:22,041 INFO o.a.j.r.ClassFinder: Will scan jar C:\Users\Frostyvis\Desktop\LoadTesting\apache-jmeter-5.6.3\apache-jmeter-5.6.3\lib\ext\bcprov-jdk18on-1.80.jar with filter ExtendsClassFilter [parents=[interface org.apache.jmeter.visualizers.ResultRenderer], inner=false, contains=null, notContains=null]. Consider exposing JMeter plugins via META-INF/services, and add JMeter-Skip-Class-Scanning=true manifest attribute so JMeter can skip classfile scanning
2025-05-21 04:45:22,130 INFO o.a.j.r.ClassFinder: Will scan jar C:\Users\Frostyvis\Desktop\LoadTesting\apache-jmeter-5.6.3\apache-jmeter-5.6.3\lib\ext\jmeter-plugins-casutg-3.0.jar with filter ExtendsClassFilter [parents=[interface org.apache.jmeter.visualizers.ResultRenderer], inner=false, contains=null, notContains=null]. Consider exposing JMeter plugins via META-INF/services, and add JMeter-Skip-Class-Scanning=true manifest attribute so JMeter can skip classfile scanning
2025-05-21 04:45:22,131 INFO o.a.j.r.ClassFinder: Will scan jar C:\Users\Frostyvis\Desktop\LoadTesting\apache-jmeter-5.6.3\apache-jmeter-5.6.3\lib\ext\jmeter-plugins-manager-1.10.jar with filter ExtendsClassFilter [parents=[interface org.apache.jmeter.visualizers.ResultRenderer], inner=false, contains=null, notContains=null]. Consider exposing JMeter plugins via META-INF/services, and add JMeter-Skip-Class-Scanning=true manifest attribute so JMeter can skip classfile scanning
2025-05-21 04:45:22,138 INFO o.a.j.r.ClassFinder: Will scan jar C:\Users\Frostyvis\Desktop\LoadTesting\apache-jmeter-5.6.3\apache-jmeter-5.6.3\lib\ext\bcpkix-jdk18on-1.80.jar with filter ExtendsClassFilter [parents=[interface org.apache.jmeter.visualizers.RequestView], inner=false, contains=null, notContains=null]. Consider exposing JMeter plugins via META-INF/services, and add JMeter-Skip-Class-Scanning=true manifest attribute so JMeter can skip classfile scanning
2025-05-21 04:45:22,145 INFO o.a.j.r.ClassFinder: Will scan jar C:\Users\Frostyvis\Desktop\LoadTesting\apache-jmeter-5.6.3\apache-jmeter-5.6.3\lib\ext\bcprov-jdk18on-1.80.jar with filter ExtendsClassFilter [parents=[interface org.apache.jmeter.visualizers.RequestView], inner=false, contains=null, notContains=null]. Consider exposing JMeter plugins via META-INF/services, and add JMeter-Skip-Class-Scanning=true manifest attribute so JMeter can skip classfile scanning
2025-05-21 04:45:22,240 INFO o.a.j.r.ClassFinder: Will scan jar C:\Users\Frostyvis\Desktop\LoadTesting\apache-jmeter-5.6.3\apache-jmeter-5.6.3\lib\ext\jmeter-plugins-casutg-3.0.jar with filter ExtendsClassFilter [parents=[interface org.apache.jmeter.visualizers.RequestView], inner=false, contains=null, notContains=null]. Consider exposing JMeter plugins via META-INF/services, and add JMeter-Skip-Class-Scanning=true manifest attribute so JMeter can skip classfile scanning
2025-05-21 04:45:22,241 INFO o.a.j.r.ClassFinder: Will scan jar C:\Users\Frostyvis\Desktop\LoadTesting\apache-jmeter-5.6.3\apache-jmeter-5.6.3\lib\ext\jmeter-plugins-manager-1.10.jar with filter ExtendsClassFilter [parents=[interface org.apache.jmeter.visualizers.RequestView], inner=false, contains=null, notContains=null]. Consider exposing JMeter plugins via META-INF/services, and add JMeter-Skip-Class-Scanning=true manifest attribute so JMeter can skip classfile scanning
2025-05-21 04:45:22,289 INFO o.a.j.r.ClassFinder: Will scan jar C:\Users\Frostyvis\Desktop\LoadTesting\apache-jmeter-5.6.3\apache-jmeter-5.6.3\lib\ext\bcpkix-jdk18on-1.80.jar with filter ExtendsClassFilter [parents=[interface org.apache.jmeter.visualizers.ResultRenderer], inner=false, contains=null, notContains=null]. Consider exposing JMeter plugins via META-INF/services, and add JMeter-Skip-Class-Scanning=true manifest attribute so JMeter can skip classfile scanning
2025-05-21 04:45:22,294 INFO o.a.j.r.ClassFinder: Will scan jar C:\Users\Frostyvis\Desktop\LoadTesting\apache-jmeter-5.6.3\apache-jmeter-5.6.3\lib\ext\bcprov-jdk18on-1.80.jar with filter ExtendsClassFilter [parents=[interface org.apache.jmeter.visualizers.ResultRenderer], inner=false, contains=null, notContains=null]. Consider exposing JMeter plugins via META-INF/services, and add JMeter-Skip-Class-Scanning=true manifest attribute so JMeter can skip classfile scanning
2025-05-21 04:45:22,384 INFO o.a.j.r.ClassFinder: Will scan jar C:\Users\Frostyvis\Desktop\LoadTesting\apache-jmeter-5.6.3\apache-jmeter-5.6.3\lib\ext\jmeter-plugins-casutg-3.0.jar with filter ExtendsClassFilter [parents=[interface org.apache.jmeter.visualizers.ResultRenderer], inner=false, contains=null, notContains=null]. Consider exposing JMeter plugins via META-INF/services, and add JMeter-Skip-Class-Scanning=true manifest attribute so JMeter can skip classfile scanning
2025-05-21 04:45:22,385 INFO o.a.j.r.ClassFinder: Will scan jar C:\Users\Frostyvis\Desktop\LoadTesting\apache-jmeter-5.6.3\apache-jmeter-5.6.3\lib\ext\jmeter-plugins-manager-1.10.jar with filter ExtendsClassFilter [parents=[interface org.apache.jmeter.visualizers.ResultRenderer], inner=false, contains=null, notContains=null]. Consider exposing JMeter plugins via META-INF/services, and add JMeter-Skip-Class-Scanning=true manifest attribute so JMeter can skip classfile scanning
2025-05-21 04:45:22,392 INFO o.a.j.r.ClassFinder: Will scan jar C:\Users\Frostyvis\Desktop\LoadTesting\apache-jmeter-5.6.3\apache-jmeter-5.6.3\lib\ext\bcpkix-jdk18on-1.80.jar with filter ExtendsClassFilter [parents=[interface org.apache.jmeter.visualizers.RequestView], inner=false, contains=null, notContains=null]. Consider exposing JMeter plugins via META-INF/services, and add JMeter-Skip-Class-Scanning=true manifest attribute so JMeter can skip classfile scanning
2025-05-21 04:45:22,397 INFO o.a.j.r.ClassFinder: Will scan jar C:\Users\Frostyvis\Desktop\LoadTesting\apache-jmeter-5.6.3\apache-jmeter-5.6.3\lib\ext\bcprov-jdk18on-1.80.jar with filter ExtendsClassFilter [parents=[interface org.apache.jmeter.visualizers.RequestView], inner=false, contains=null, notContains=null]. Consider exposing JMeter plugins via META-INF/services, and add JMeter-Skip-Class-Scanning=true manifest attribute so JMeter can skip classfile scanning
2025-05-21 04:45:22,484 INFO o.a.j.r.ClassFinder: Will scan jar C:\Users\Frostyvis\Desktop\LoadTesting\apache-jmeter-5.6.3\apache-jmeter-5.6.3\lib\ext\jmeter-plugins-casutg-3.0.jar with filter ExtendsClassFilter [parents=[interface org.apache.jmeter.visualizers.RequestView], inner=false, contains=null, notContains=null]. Consider exposing JMeter plugins via META-INF/services, and add JMeter-Skip-Class-Scanning=true manifest attribute so JMeter can skip classfile scanning
2025-05-21 04:45:22,485 INFO o.a.j.r.ClassFinder: Will scan jar C:\Users\Frostyvis\Desktop\LoadTesting\apache-jmeter-5.6.3\apache-jmeter-5.6.3\lib\ext\jmeter-plugins-manager-1.10.jar with filter ExtendsClassFilter [parents=[interface org.apache.jmeter.visualizers.RequestView], inner=false, contains=null, notContains=null]. Consider exposing JMeter plugins via META-INF/services, and add JMeter-Skip-Class-Scanning=true manifest attribute so JMeter can skip classfile scanning
2025-05-21 04:45:22,501 INFO o.a.j.s.FileServer: Set new base='C:\Users\Frostyvis\Desktop\LoadTesting\BalanovMegafon\MegafonLT\new\includes\telephones'
